summerBP,CTDEP,1,2008,f,,
summerBP,CTDEP,1,2009,,,
summerBP,CTDEP,1,2010,,,
summerBP,CTDEP,1,2011,,,
summerBP,CTDEP,4,2006,raw,,
summerBP,CTDEP,22,2010,,,
summerBP,CTDEP,22,2011,,,
summerBP,CTDEP,22,2012,,,
summerBP,CTDEP,27,2007,,,
summerBP,CTDEP,28,2010,f,,
summerBP,CTDEP,28,2011,,,
summerBP,CTDEP,28,2012,,,
summerBP,CTDEP,31,2006,,,
summerBP,CTDEP,33,2001,f,,f = flat top
summerBP,CTDEP,43,2003,,,c = circus tent
summerBP,CTDEP,43,2004,,,r = raw data issue
summerBP,CTDEP,43,2005,,,I = impoundment release
summerBP,CTDEP,43,2006,,,w = weird site
summerBP,CTDEP,43,2007,,,
summerBP,CTDEP,43,2008,r,,
summerBP,CTDEP,44,2008,,,
summerBP,CTDEP,47,2003,,,
summerBP,CTDEP,47,2004,,,
summerBP,CTDEP,47,2005,,,
summerBP,CTDEP,47,2006,,,
summerBP,CTDEP,47,2007,,,
summerBP,CTDEP,47,2008,f,,
summerBP,CTDEP,47,2009,,,
summerBP,CTDEP,47,2010,,,
summerBP,CTDEP,47,2011,f,,
summerBP,CTDEP,47,2012,,,
summerBP,CTDEP,49,2011,f,,
summerBP,CTDEP,49,2012,,,
summerBP,CTDEP,50,2001,,,
summerBP,CTDEP,51,2004,,,
summerBP,CTDEP,51,2005,f,,
summerBP,CTDEP,51,2006,,,
summerBP,CTDEP,51,2007,c,,
summerBP,CTDEP,51,2008,,,
summerBP,CTDEP,51,2009,,,
summerBP,CTDEP,51,2010,,,
summerBP,CTDEP,54,2001,r,,
summerBP,CTDEP,54,2002,,,
summerBP,CTDEP,54,2003,,,
summerBP,CTDEP,54,2004,,,
summerBP,CTDEP,54,2005,,,
summerBP,CTDEP,54,2006,,,
summerBP,CTDEP,54,2007,,,
summerBP,CTDEP,54,2008,,,
summerBP,CTDEP,54,2009,,,
summerBP,CTDEP,54,2010,,,
summerBP,CTDEP,54,2011,,,
summerBP,CTDEP,63,2002,,,
summerBP,CTDEP,68,2003,,,
summerBP,CTDEP,68,2004,,,
summerBP,CTDEP,68,2005,,,
summerBP,CTDEP,68,2006,,,
summerBP,CTDEP,68,2007,,,
summerBP,CTDEP,68,2008,,,
summerBP,CTDEP,68,2009,,,
summerBP,CTDEP,68,2010,,,
summerBP,CTDEP,68,2011,,,
summerBP,CTDEP,69,2003,,,
summerBP,CTDEP,70,2011,,,
summerBP,CTDEP,70,2012,,,
summerBP,CTDEP,72,2011,,,
summerBP,CTDEP,72,2012,,,
summerBP,CTDEP,75,2008,,,
summerBP,CTDEP,77,2011,,,
summerBP,CTDEP,77,2012,,,
summerBP,CTDEP,81,2011,i,,
summerBP,CTDEP,81,2012,,,
summerBP,CTDEP,89,2006,,,
summerBP,CTDEP,89,2007,c,,
summerBP,CTDEP,89,2008,c,,
summerBP,CTDEP,89,2009,,,
summerBP,CTDEP,89,2010,,,
summerBP,CTDEP,90,2008,,,
summerBP,CTDEP,90,2009,,,
summerBP,CTDEP,96,2011,f,,
summerBP,CTDEP,96,2012,,,
summerBP,CTDEP,98,2006,,,
summerBP,CTDEP,101,2004,,,
summerBP,CTDEP,101,2005,,,
summerBP,CTDEP,101,2006,,,
summerBP,CTDEP,101,2007,,,
summerBP,CTDEP,101,2008,,,
summerBP,CTDEP,101,2009,,,
summerBP,CTDEP,101,2010,,,
summerBP,CTDEP,101,2011,,,
summerBP,CTDEP,101,2012,,,
summerBP,CTDEP,102,2002,,,
summerBP,CTDEP,110,2004,,,
summerBP,CTDEP,110,2005,f,,
summerBP,CTDEP,110,2006,,,
summerBP,CTDEP,110,2007,f,,
summerBP,CTDEP,110,2008,fr,,
summerBP,CTDEP,110,2009,,,
summerBP,CTDEP,110,2010,,,
summerBP,CTDEP,112,2001,,,
summerBP,CTDEP,112,2002,,,
summerBP,CTDEP,112,2003,,,
summerBP,CTDEP,112,2004,,,
summerBP,CTDEP,113,2011,,,
summerBP,CTDEP,116,2004,,,
summerBP,CTDEP,116,2005,f,,
summerBP,CTDEP,116,2006,f,,
summerBP,CTDEP,116,2007,,,
summerBP,CTDEP,116,2008,,,
summerBP,CTDEP,116,2009,,,
summerBP,CTDEP,116,2010,,,
summerBP,CTDEP,122,2011,,,
summerBP,CTDEP,122,2012,,,
summerBP,CTDEP,123,2001,,,
summerBP,CTDEP,123,2002,,,
summerBP,CTDEP,123,2003,,,
summerBP,CTDEP,123,2004,,,
summerBP,CTDEP,123,2005,,,
summerBP,CTDEP,123,2006,,,
summerBP,CTDEP,124,2011,,,
summerBP,CTDEP,139,2010,,,
summerBP,CTDEP,145,2010,,,
summerBP,CTDEP,151,2004,f,,
summerBP,CTDEP,153,2010,,,
summerBP,CTDEP,153,2011,,,
summerBP,CTDEP,153,2012,,,
summerBP,CTDEP,155,2001,,,
summerBP,CTDEP,158,2005,,,
summerBP,CTDEP,159,2011,,,
summerBP,CTDEP,159,2012,,,
summerBP,CTDEP,163,2004,,,
summerBP,CTDEP,163,2005,,,
summerBP,CTDEP,163,2006,,,
summerBP,CTDEP,163,2007,c,,
summerBP,CTDEP,163,2008,,,
summerBP,CTDEP,163,2009,,,
summerBP,CTDEP,163,2010,,,
summerBP,CTDEP,163,2011,f,,
summerBP,CTDEP,163,2012,,,
summerBP,CTDEP,168,1999,f,,
summerBP,CTDEP,189,2004,,,
summerBP,CTDEP,189,2005,,,
summerBP,CTDEP,189,2006,,,
summerBP,CTDEP,189,2007,,,
summerBP,CTDEP,189,2008,,,
summerBP,CTDEP,189,2009,,,
summerBP,CTDEP,189,2010,,,
summerBP,CTDEP,191,2001,fr,,
summerBP,CTDEP,191,2002,,,
summerBP,CTDEP,191,2003,,,
summerBP,CTDEP,191,2004,,,
summerBP,CTDEP,191,2005,fi,,
summerBP,CTDEP,191,2006,,,
summerBP,CTDEP,191,2007,,,
summerBP,CTDEP,191,2008,,,
summerBP,CTDEP,191,2009,,,
summerBP,CTDEP,191,2010,,,
summerBP,CTDEP,191,2011,,,
summerBP,CTDEP,191,2012,,,
summerBP,CTDEP,192,2004,,,
summerBP,CTDEP,192,2005,,,
summerBP,CTDEP,192,2006,,,
summerBP,CTDEP,192,2007,c,,
summerBP,CTDEP,192,2008,f,,
summerBP,CTDEP,192,2009,,,
summerBP,CTDEP,192,2010,f,,
summerBP,CTDEP,192,2011,,,
summerBP,CTDEP,192,2012,,,
summerBP,CTDEP,194,2004,,,
summerBP,CTDEP,194,2005,,,
summerBP,CTDEP,194,2006,,,
summerBP,CTDEP,194,2007,c,,
summerBP,CTDEP,194,2008,,,
summerBP,CTDEP,194,2009,,,
summerBP,CTDEP,194,2010,,,
summerBP,CTDEP,197,2004,,,
summerBP,CTDEP,197,2005,,,
summerBP,CTDEP,197,2006,,,
summerBP,CTDEP,197,2007,c,,
summerBP,CTDEP,197,2008,,,
summerBP,CTDEP,197,2009,,,
summerBP,CTDEP,197,2010,,,
summerBP,CTDEP,204,1999,,,
summerBP,CTDEP,204,2000,,,
summerBP,CTDEP,204,2001,,,
summerBP,CTDEP,204,2002,,,
summerBP,CTDEP,204,2003,,,
summerBP,CTDEP,205,2001,w,,
summerBP,CTDEP,205,2002,,,
summerBP,CTDEP,205,2003,f,,
summerBP,CTDEP,208,1999,,,
summerBP,CTDEP,208,2000,,,
summerBP,CTDEP,208,2001,,,
summerBP,CTDEP,208,2002,,,
summerBP,CTDEP,208,2003,,,
summerBP,CTDEP,212,2001,,,
summerBP,CTDEP,212,2002,,,
summerBP,CTDEP,212,2003,,,
summerBP,CTDEP,216,2004,,,
summerBP,CTDEP,216,2005,,,
summerBP,CTDEP,216,2006,,,
summerBP,CTDEP,216,2007,c,,
summerBP,CTDEP,216,2008,,,
summerBP,CTDEP,216,2009,,,
summerBP,CTDEP,216,2010,,,
summerBP,CTDEP,216,2011,,,
summerBP,CTDEP,223,2004,,,
summerBP,CTDEP,223,2005,,,
summerBP,CTDEP,223,2006,,,
summerBP,CTDEP,233,2011,f,,
summerBP,CTDEP,233,2012,,,
summerBP,CTDEP,235,2006,,,
summerBP,CTDEP,235,2007,c,,
summerBP,CTDEP,235,2008,,,
summerBP,CTDEP,235,2009,,,
summerBP,CTDEP,235,2010,,,
summerBP,CTDEP,236,2006,,,
summerBP,CTDEP,236,2007,c,,
summerBP,CTDEP,236,2008,,,
summerBP,CTDEP,236,2009,,,
summerBP,CTDEP,236,2010,,,
summerBP,CTDEP,236,2011,,,
summerBP,CTDEP,236,2012,,,
summerBP,CTDEP,237,2011,,,
summerBP,CTDEP,241,2002,,,
summerBP,CTDEP,241,2003,,,
summerBP,CTDEP,241,2004,,,
summerBP,CTDEP,241,2005,,,
summerBP,CTDEP,241,2006,,,
summerBP,CTDEP,241,2007,c,,
summerBP,CTDEP,241,2008,,,
summerBP,CTDEP,241,2009,,,
summerBP,CTDEP,241,2010,,,
summerBP,CTDEP,245,2002,,,
summerBP,CTDEP,245,2003,,,
summerBP,CTDEP,245,2004,,,
summerBP,CTDEP,245,2005,,,
summerBP,CTDEP,245,2006,,,
summerBP,CTDEP,245,2007,c,,
summerBP,CTDEP,245,2008,,,
summerBP,CTDEP,245,2009,,,
summerBP,CTDEP,245,2010,,,
summerBP,CTDEP,254,2011,,,
summerBP,CTDEP,254,2012,,,
summerBP,CTDEP,258,2001,,,
summerBP,CTDEP,265,2000,,,
summerBP,CTDEP,265,2001,,,
summerBP,CTDEP,265,2002,,,
summerBP,CTDEP,265,2003,,,
summerBP,CTDEP,265,2004,,,
summerBP,CTDEP,265,2005,,,
summerBP,CTDEP,265,2006,,,
summerBP,CTDEP,265,2007,,,
summerBP,CTDEP,265,2008,,,
summerBP,CTDEP,265,2009,,,
summerBP,CTDEP,265,2010,,,
summerBP,CTDEP,265,2011,,,
summerBP,CTDEP,265,2012,,,
summerBP,CTDEP,266,2001,,,
summerBP,CTDEP,267,2001,,,
summerBP,CTDEP,267,2002,,,
summerBP,CTDEP,267,2003,,,
summerBP,CTDEP,267,2004,,,
summerBP,CTDEP,267,2005,,,
summerBP,CTDEP,267,2006,,,
summerBP,CTDEP,267,2007,f,,
summerBP,CTDEP,267,2008,,,
summerBP,CTDEP,267,2009,,,
summerBP,CTDEP,267,2010,i,,
summerBP,CTDEP,267,2011,,,
summerBP,CTDEP,267,2012,,,
summerBP,CTDEP,269,2011,,,
summerBP,CTDEP,269,2012,,,
summerBP,CTDEP,281,2006,,,
summerBP,CTDEP,285,2010,,,
summerBP,CTDEP,285,2011,,,
summerBP,CTDEP,285,2012,,,
summerBP,CTDEP,288,2004,,,
summerBP,CTDEP,288,2005,f,,
summerBP,CTDEP,288,2006,,,
summerBP,CTDEP,288,2007,f,,
summerBP,CTDEP,288,2008,,,
summerBP,CTDEP,288,2009,,,
summerBP,CTDEP,288,2010,,,
summerBP,CTDEP,289,2004,,,
summerBP,CTDEP,289,2005,,,
summerBP,CTDEP,289,2006,,,
summerBP,CTDEP,289,2007,f,,
summerBP,CTDEP,289,2008,,,
summerBP,CTDEP,289,2009,,,
summerBP,CTDEP,289,2010,,,
summerBP,CTDEP,289,2011,,,
summerBP,CTDEP,292,2002,,,
summerBP,CTDEP,294,2000,,,
summerBP,CTDEP,310,2002,,,
summerBP,CTDEP,310,2003,,,
summerBP,CTDEP,310,2004,,,
summerBP,CTDEP,310,2005,,,
summerBP,CTDEP,310,2006,,,
summerBP,CTDEP,310,2007,,,
summerBP,CTDEP,310,2008,,,
summerBP,CTDEP,310,2009,,,
summerBP,CTDEP,310,2010,,,
summerBP,CTDEP,311,2003,,,
summerBP,CTDEP,311,2004,,,
summerBP,CTDEP,311,2005,,,
summerBP,CTDEP,311,2006,,,
summerBP,CTDEP,311,2007,,,
summerBP,CTDEP,311,2008,,,
summerBP,CTDEP,311,2009,,,
summerBP,CTDEP,311,2010,,,
summerBP,CTDEP,311,2011,,,
summerBP,CTDEP,313,2011,f,,
summerBP,CTDEP,316,2004,,,
summerBP,CTDEP,316,2005,f,,
summerBP,CTDEP,316,2006,,,
summerBP,CTDEP,316,2007,c,,
summerBP,CTDEP,316,2008,,,
summerBP,CTDEP,316,2009,,,
summerBP,CTDEP,316,2010,,,
summerBP,CTDEP,316,2011,,,
summerBP,CTDEP,316,2012,,,
summerBP,CTDEP,317,2004,,,
summerBP,CTDEP,317,2005,,,
summerBP,CTDEP,317,2006,,,
summerBP,CTDEP,317,2007,,,
summerBP,CTDEP,317,2008,,,
summerBP,CTDEP,317,2009,,,
summerBP,CTDEP,317,2010,,,
summerBP,CTDEP,317,2011,,,
summerBP,CTDEP,317,2012,,,
summerBP,CTDEP,318,2008,w,,
summerBP,CTDEP,318,2009,w,,
summerBP,CTDEP,318,2010,w,,
summerBP,CTDEP,318,2011,w,,
summerBP,CTDEP,319,2004,,,
summerBP,CTDEP,319,2005,,,
summerBP,CTDEP,319,2006,,,
summerBP,CTDEP,319,2007,,,
summerBP,CTDEP,319,2008,,,
summerBP,CTDEP,319,2009,,,
summerBP,CTDEP,319,2010,,,
summerBP,CTDEP,319,2011,,,
summerBP,CTDEP,319,2012,,,
summerBP,CTDEP,320,2000,,,
summerBP,CTDEP,320,2001,,,
summerBP,CTDEP,320,2002,,,
summerBP,CTDEP,320,2003,,,
summerBP,CTDEP,320,2004,,,
summerBP,CTDEP,320,2005,,,
summerBP,CTDEP,320,2006,,,
summerBP,CTDEP,320,2007,,,
summerBP,CTDEP,320,2008,,,
summerBP,CTDEP,320,2009,,,
summerBP,CTDEP,320,2010,,,
summerBP,CTDEP,320,2011,,,
summerBP,CTDEP,325,2004,,,
summerBP,CTDEP,325,2005,,,
summerBP,CTDEP,325,2006,,,
summerBP,CTDEP,325,2007,c,,
summerBP,CTDEP,325,2008,,,
summerBP,CTDEP,325,2009,,,
summerBP,CTDEP,325,2010,,,
summerBP,CTDEP,325,2011,,,
summerBP,CTDEP,325,2012,,,
summerBP,CTDEP,326,2011,,,
summerBP,CTDEP,326,2012,,,
summerBP,CTDEP,330,2003,,,
summerBP,CTDEP,331,2003,,,
summerBP,CTDEP,331,2004,,,
summerBP,CTDEP,331,2005,,,
summerBP,CTDEP,331,2006,,,
summerBP,CTDEP,331,2007,,,
summerBP,CTDEP,331,2008,,,
summerBP,CTDEP,331,2009,,,
summerBP,CTDEP,331,2010,,,
summerBP,CTDEP,331,2011,,,
summerBP,CTDEP,331,2012,,,
summerBP,CTDEP,333,2004,,,
summerBP,CTDEP,333,2005,,,
summerBP,CTDEP,333,2006,,,
summerBP,CTDEP,333,2007,c,,
summerBP,CTDEP,333,2008,,,
summerBP,CTDEP,333,2009,,,
summerBP,CTDEP,333,2010,,,
summerBP,CTDEP,333,2011,,,
summerBP,CTDEP,333,2012,,,
summerBP,CTDEP,336,2011,,,
summerBP,CTDEP,336,2012,,,
summerBP,CTDEP,345,2011,f,,
summerBP,CTDEP,345,2012,,,
summerBP,CTDEP,346,2000,f,,
summerBP,CTDEP,346,2001,,,
summerBP,CTDEP,346,2002,,,
summerBP,CTDEP,346,2003,,,
summerBP,CTDEP,346,2004,,,
summerBP,CTDEP,346,2005,,,
summerBP,CTDEP,346,2006,,,
summerBP,CTDEP,346,2007,,,
summerBP,CTDEP,346,2008,,,
summerBP,CTDEP,346,2009,,,
summerBP,CTDEP,346,2010,,,
summerBP,CTDEP,346,2011,,,
summerBP,CTDEP,347,2006,,,
summerBP,CTDEP,348,2011,,,
summerBP,CTDEP,348,2012,,,
summerBP,CTDEP,354,2011,,,
summerBP,CTDEP,354,2012,,,
summerBP,CTDEP,357,2004,,,
summerBP,CTDEP,357,2005,i,,
summerBP,CTDEP,357,2006,i,,
summerBP,CTDEP,357,2007,r,,
summerBP,CTDEP,357,2008,,,
summerBP,CTDEP,357,2009,,,
summerBP,CTDEP,357,2010,,,
summerBP,CTDEP,357,2011,,,
summerBP,CTDEP,359,2010,,,
summerBP,CTDEP,395,2011,,,
summerBP,CTDEP,395,2012,,,
summerBP,CTDEP,399,2002,,,
summerBP,CTDEP,408,2003,r,,
summerBP,CTDEP,408,2004,,,
summerBP,CTDEP,408,2005,,,
summerBP,CTDEP,408,2006,,,
summerBP,CTDEP,408,2007,,,
summerBP,CTDEP,408,2008,,,
summerBP,CTDEP,408,2009,,,
summerBP,CTDEP,408,2010,,,
summerBP,CTDEP,408,2011,,,
summerBP,CTDEP,430,2002,,,
summerBP,CTDEP,430,2003,,,
summerBP,CTDEP,430,2004,,,
summerBP,CTDEP,430,2005,,,
summerBP,CTDEP,430,2006,,,
summerBP,CTDEP,430,2007,c,,
summerBP,CTDEP,430,2008,,,
summerBP,CTDEP,430,2009,,,
summerBP,CTDEP,430,2010,,,
summerBP,CTDEP,431,2002,,,
summerBP,CTDEP,445,2002,,,
summerBP,CTDEP,446,2003,,,
summerBP,CTDEP,453,2006,,,
summerBP,CTDEP,457,2004,,,
summerBP,CTDEP,457,2005,i,,
summerBP,CTDEP,457,2006,,,
summerBP,CTDEP,457,2007,,,
summerBP,CTDEP,457,2008,,,
summerBP,CTDEP,457,2009,,,
summerBP,CTDEP,457,2010,,,
summerBP,CTDEP,458,2004,,,
summerBP,CTDEP,458,2005,,,
summerBP,CTDEP,458,2006,,,
summerBP,CTDEP,458,2007,c,,
summerBP,CTDEP,458,2008,,,
summerBP,CTDEP,458,2009,,,
summerBP,CTDEP,458,2010,,,
summerBP,CTDEP,460,2007,,,
summerBP,CTDEP,461,2004,,,
summerBP,CTDEP,461,2005,,,
summerBP,CTDEP,461,2006,,,
summerBP,CTDEP,461,2007,c,,
summerBP,CTDEP,461,2008,,,
summerBP,CTDEP,461,2009,,,
summerBP,CTDEP,461,2010,,,
summerBP,CTDEP,462,2001,,,
summerBP,CTDEP,462,2002,,,
summerBP,CTDEP,462,2003,,,
summerBP,CTDEP,462,2004,,,
summerBP,CTDEP,462,2005,,,
summerBP,CTDEP,462,2006,,,
summerBP,CTDEP,462,2007,c,,
summerBP,CTDEP,462,2008,,,
summerBP,CTDEP,462,2009,,,
summerBP,CTDEP,462,2010,,,
summerBP,CTDEP,462,2011,f,,
summerBP,CTDEP,462,2012,,,
summerBP,CTDEP,466,2004,,,
summerBP,CTDEP,467,2004,,,
summerBP,CTDEP,467,2005,,,
summerBP,CTDEP,468,2004,,,
summerBP,CTDEP,468,2005,,,
summerBP,CTDEP,469,2003,,,
summerBP,CTDEP,469,2004,,,
summerBP,CTDEP,469,2005,,,
summerBP,CTDEP,469,2006,,,
summerBP,CTDEP,469,2007,,,
summerBP,CTDEP,469,2008,,,
summerBP,CTDEP,469,2009,,,
summerBP,CTDEP,469,2010,,,
summerBP,CTDEP,469,2011,,,
summerBP,CTDEP,469,2012,,,
summerBP,CTDEP,472,2010,,,
summerBP,CTDEP,472,2011,f,,
summerBP,CTDEP,472,2012,,,
summerBP,CTDEP,473,2002,,,
summerBP,CTDEP,476,2011,i,,
summerBP,CTDEP,476,2012,,,
summerBP,CTDEP,480,2005,,,
summerBP,CTDEP,480,2006,,,
summerBP,CTDEP,480,2007,,,
summerBP,CTDEP,480,2008,,,
summerBP,CTDEP,480,2009,,,
summerBP,CTDEP,480,2010,,,
summerBP,CTDEP,480,2011,f,,
summerBP,CTDEP,480,2012,,,
summerBP,CTDEP,488,2004,,,
summerBP,CTDEP,488,2005,f,,
summerBP,CTDEP,488,2006,,,
summerBP,CTDEP,488,2007,f,,
summerBP,CTDEP,488,2008,f,,
summerBP,CTDEP,488,2009,,,
summerBP,CTDEP,488,2010,,,
summerBP,CTDEP,488,2011,f,,
summerBP,CTDEP,488,2012,,,
summerBP,CTDEP,489,2006,,,
summerBP,CTDEP,489,2007,f,,
summerBP,CTDEP,489,2008,,,
summerBP,CTDEP,489,2009,,,
summerBP,CTDEP,489,2010,,,
summerBP,CTDEP,492,2011,i,,
summerBP,CTDEP,492,2012,,,
summerBP,CTDEP,518,2001,f,,
summerBP,CTDEP,518,2002,f,,
summerBP,CTDEP,543,2006,,,
summerBP,CTDEP,543,2007,c,,
summerBP,CTDEP,543,2008,,,
summerBP,CTDEP,543,2009,,,
summerBP,CTDEP,543,2010,,,
summerBP,CTDEP,554,2010,,,
summerBP,CTDEP,554,2011,,,
summerBP,CTDEP,574,2004,f,,
summerBP,CTDEP,574,2005,,,
summerBP,CTDEP,574,2006,,,
summerBP,CTDEP,574,2007,,,
summerBP,CTDEP,574,2008,,,
summerBP,CTDEP,574,2009,,,
summerBP,CTDEP,574,2010,,,
summerBP,CTDEP,574,2011,,,
summerBP,CTDEP,574,2012,,,
summerBP,CTDEP,575,2001,,,
summerBP,CTDEP,588,2002,,,
summerBP,CTDEP,591,2002,,,
summerBP,CTDEP,596,2001,r,,
summerBP,CTDEP,596,2002,,,
summerBP,CTDEP,596,2003,r,,
summerBP,CTDEP,596,2004,,,
summerBP,CTDEP,596,2005,,,
summerBP,CTDEP,596,2006,,,
summerBP,CTDEP,596,2007,,,
summerBP,CTDEP,596,2008,,,
summerBP,CTDEP,596,2009,,,
summerBP,CTDEP,599,2004,,,
summerBP,CTDEP,599,2005,c,,
summerBP,CTDEP,599,2006,,,
summerBP,CTDEP,599,2007,c,,
summerBP,CTDEP,599,2008,,,
summerBP,CTDEP,599,2009,,,
summerBP,CTDEP,599,2010,,,
summerBP,CTDEP,606,2010,,,
summerBP,CTDEP,606,2011,f,,
summerBP,CTDEP,606,2012,,,
summerBP,CTDEP,612,2003,,,
summerBP,CTDEP,612,2004,,,
summerBP,CTDEP,622,2010,,,
summerBP,CTDEP,622,2011,f,,
summerBP,CTDEP,622,2012,,,
summerBP,CTDEP,627,2011,f,,
summerBP,CTDEP,627,2012,,,
summerBP,CTDEP,628,2011,f,,
summerBP,CTDEP,682,2002,f,,
summerBP,CTDEP,689,2006,,,
summerBP,CTDEP,697,2011,f,,
summerBP,CTDEP,697,2012,,,
summerBP,CTDEP,710,2001,,,
summerBP,CTDEP,710,2002,,,
summerBP,CTDEP,710,2003,,,
summerBP,CTDEP,710,2004,r,,
summerBP,CTDEP,711,2001,f,,
summerBP,CTDEP,712,2001,f,,
summerBP,CTDEP,717,2010,,,
summerBP,CTDEP,717,2011,f,,
summerBP,CTDEP,717,2012,,,
summerBP,CTDEP,725,2004,,,
summerBP,CTDEP,725,2005,f,,
summerBP,CTDEP,725,2006,,,
summerBP,CTDEP,725,2007,f,,
summerBP,CTDEP,725,2008,,,
summerBP,CTDEP,725,2009,,,
summerBP,CTDEP,725,2010,,,
summerBP,CTDEP,741,2010,w,,
summerBP,CTDEP,741,2011,fw,,
summerBP,CTDEP,741,2012,,,
summerBP,CTDEP,742,2011,f,,
summerBP,CTDEP,742,2012,,,
summerBP,CTDEP,753,2002,,,
summerBP,CTDEP,753,2003,,,
summerBP,CTDEP,753,2004,,,
summerBP,CTDEP,753,2005,,,
summerBP,CTDEP,753,2006,wi,,
summerBP,CTDEP,753,2007,c,,
summerBP,CTDEP,753,2008,,,
summerBP,CTDEP,753,2009,,,
summerBP,CTDEP,753,2010,i,,
summerBP,CTDEP,766,2008,,,
summerBP,CTDEP,778,2002,,,
summerBP,CTDEP,780,2011,,,
summerBP,CTDEP,780,2012,,,
summerBP,CTDEP,894,2006,,,
summerBP,CTDEP,900,2006,fi,,
summerBP,CTDEP,900,2007,i,,
summerBP,CTDEP,900,2008,i,,
summerBP,CTDEP,900,2009,i,,
summerBP,CTDEP,900,2010,i,,
summerBP,CTDEP,904,2007,,,
summerBP,CTDEP,905,2007,wi,,
summerBP,CTDEP,912,2010,,,
summerBP,CTDEP,915,2011,,,
summerBP,CTDEP,916,1999,,,
summerBP,CTDEP,916,2000,,,
summerBP,CTDEP,916,2001,,,
summerBP,CTDEP,916,2002,,,
summerBP,CTDEP,916,2003,,,
summerBP,CTDEP,919,2004,,,
summerBP,CTDEP,922,2005,,,
summerBP,CTDEP,922,2006,,,
summerBP,CTDEP,922,2007,c,,
summerBP,CTDEP,922,2008,,,
summerBP,CTDEP,922,2009,,,
summerBP,CTDEP,922,2010,,,
summerBP,CTDEP,923,2008,,,
summerBP,CTDEP,923,2009,w,,
summerBP,CTDEP,923,2010,,,
summerBP,CTDEP,923,2011,,,
summerBP,CTDEP,923,2012,,,
summerBP,CTDEP,930,2011,i,,
summerBP,CTDEP,930,2012,,,
summerBP,CTDEP,944,2001,,,
summerBP,CTDEP,944,2002,,,
summerBP,CTDEP,944,2003,,,
summerBP,CTDEP,944,2004,,,
summerBP,CTDEP,944,2005,,,
summerBP,CTDEP,944,2006,,,
summerBP,CTDEP,944,2007,,,
summerBP,CTDEP,944,2008,,,
summerBP,CTDEP,944,2009,,,
summerBP,CTDEP,951,2001,,,
summerBP,CTDEP,951,2002,,,
summerBP,CTDEP,951,2003,,,
summerBP,CTDEP,951,2004,,,
summerBP,CTDEP,951,2005,,,
summerBP,CTDEP,951,2006,,,
summerBP,CTDEP,951,2007,,,
summerBP,CTDEP,951,2008,,,
summerBP,CTDEP,951,2009,,,
summerBP,CTDEP,951,2010,,,
summerBP,CTDEP,952,2010,,,
summerBP,CTDEP,953,2001,,,
summerBP,CTDEP,953,2002,,,
summerBP,CTDEP,953,2003,,,
summerBP,CTDEP,953,2004,,,
summerBP,CTDEP,953,2005,,,
summerBP,CTDEP,953,2006,,,
summerBP,CTDEP,953,2007,,,
summerBP,CTDEP,953,2008,,,
summerBP,CTDEP,953,2009,,,
summerBP,CTDEP,953,2010,,,
summerBP,CTDEP,956,2005,i,,
summerBP,CTDEP,956,2006,i,,
summerBP,CTDEP,956,2007,i,,
summerBP,CTDEP,956,2008,i,,
summerBP,CTDEP,957,2004,i,,
summerBP,CTDEP,957,2005,i,,
summerBP,CTDEP,957,2006,i,,
summerBP,CTDEP,957,2007,i,,
summerBP,CTDEP,957,2008,i,,
summerBP,CTDEP,957,2009,i,,
summerBP,CTDEP,957,2010,i,,
summerBP,CTDEP,970,2001,,,
summerBP,CTDEP,971,2008,,,
summerBP,CTDEP,971,2009,,,
summerBP,CTDEP,972,2008,,,
summerBP,CTDEP,974,2003,,,
summerBP,CTDEP,974,2004,,,
summerBP,CTDEP,974,2005,,,
summerBP,CTDEP,974,2006,,,
summerBP,CTDEP,976,2010,,,
summerBP,CTDEP,997,2006,,,
summerBP,CTDEP,997,2007,,,
summerBP,CTDEP,997,2008,,,
summerBP,CTDEP,997,2009,,,
summerBP,CTDEP,997,2010,,,
summerBP,CTDEP,997,2011,,,
summerBP,CTDEP,1008,2008,,,
summerBP,CTDEP,1030,2001,,,
summerBP,CTDEP,1034,2011,,,
summerBP,CTDEP,1038,2010,,,
summerBP,CTDEP,1062,2011,,,
summerBP,CTDEP,1062,2012,,,
summerBP,CTDEP,1068,2003,,,
summerBP,CTDEP,1068,2004,,,
summerBP,CTDEP,1076,2001,,,
summerBP,CTDEP,1076,2002,,,
summerBP,CTDEP,1076,2003,,,
summerBP,CTDEP,1076,2004,,,
summerBP,CTDEP,1076,2005,,,
summerBP,CTDEP,1081,2006,,,
summerBP,CTDEP,1083,2002,,,
summerBP,CTDEP,1083,2003,,,
summerBP,CTDEP,1083,2004,,,
summerBP,CTDEP,1083,2005,,,
summerBP,CTDEP,1083,2006,,,
summerBP,CTDEP,1083,2007,,,
summerBP,CTDEP,1083,2008,,,
summerBP,CTDEP,1083,2009,,,
summerBP,CTDEP,1083,2010,,,
summerBP,CTDEP,1083,2011,f,,
summerBP,CTDEP,1083,2012,,,
summerBP,CTDEP,1084,2005,,,
summerBP,CTDEP,1088,1998,,,
summerBP,CTDEP,1089,2008,,,
summerBP,CTDEP,1089,2009,,,
summerBP,CTDEP,1089,2010,,,
summerBP,CTDEP,1120,2010,,,
summerBP,CTDEP,1123,2006,,,
summerBP,CTDEP,1125,2003,,,
summerBP,CTDEP,1125,2004,,,
summerBP,CTDEP,1125,2005,,,
summerBP,CTDEP,1125,2006,,,
summerBP,CTDEP,1125,2007,,,
summerBP,CTDEP,1125,2008,,,
summerBP,CTDEP,1125,2009,,,
summerBP,CTDEP,1125,2010,,,
summerBP,CTDEP,1130,2008,,,
summerBP,CTDEP,1130,2009,,,
summerBP,CTDEP,1130,2010,,,
summerBP,CTDEP,1130,2011,,,
summerBP,CTDEP,1135,2010,w,,
summerBP,CTDEP,1139,2001,r,,
summerBP,CTDEP,1156,2011,,,
summerBP,CTDEP,1156,2012,,,
summerBP,CTDEP,1160,2011,w,,
summerBP,CTDEP,1162,2001,,,
summerBP,CTDEP,1162,2002,,,
summerBP,CTDEP,1162,2003,,,
summerBP,CTDEP,1162,2004,,,
summerBP,CTDEP,1207,2002,,,
summerBP,CTDEP,1225,2006,,,
summerBP,CTDEP,1225,2007,,,
summerBP,CTDEP,1225,2008,,,
summerBP,CTDEP,1225,2009,,,
summerBP,CTDEP,1225,2010,,,
summerBP,CTDEP,1226,2009,,,
summerBP,CTDEP,1226,2010,,,
summerBP,CTDEP,1228,2006,,,
summerBP,CTDEP,1228,2007,,,
summerBP,CTDEP,1228,2008,,,
summerBP,CTDEP,1228,2009,,,
summerBP,CTDEP,1228,2010,,,
summerBP,CTDEP,1236,2011,f,,
summerBP,CTDEP,1236,2012,,,
summerBP,CTDEP,1239,2011,f,,
summerBP,CTDEP,1239,2012,,,
summerBP,CTDEP,1243,2006,,,
summerBP,CTDEP,1243,2007,,,
summerBP,CTDEP,1243,2008,,,
summerBP,CTDEP,1243,2009,,,
summerBP,CTDEP,1243,2010,,,
summerBP,CTDEP,1243,2011,f,,
summerBP,CTDEP,1243,2012,,,
summerBP,CTDEP,1244,2008,,,
summerBP,CTDEP,1244,2009,,,
summerBP,CTDEP,1244,2010,,,
summerBP,CTDEP,1281,2006,,,
summerBP,CTDEP,1281,2007,,,
summerBP,CTDEP,1281,2008,,,
summerBP,CTDEP,1281,2009,,,
summerBP,CTDEP,1281,2010,,,
summerBP,CTDEP,1281,2011,f,,
summerBP,CTDEP,1281,2012,,,
summerBP,CTDEP,1288,2008,,,
summerBP,CTDEP,1288,2009,,,
summerBP,CTDEP,1293,2008,f,,
summerBP,CTDEP,1293,2009,,,
summerBP,CTDEP,1293,2010,f,,
summerBP,CTDEP,1293,2011,f,,
summerBP,CTDEP,1294,2008,f,,
summerBP,CTDEP,1294,2009,,,
summerBP,CTDEP,1294,2010,,,
summerBP,CTDEP,1294,2011,f,,
summerBP,CTDEP,1304,2008,f,,
summerBP,CTDEP,1304,2009,,,
summerBP,CTDEP,1304,2010,f,,
summerBP,CTDEP,1304,2011,,,
summerBP,CTDEP,1309,2010,,,
summerBP,CTDEP,1338,2006,,,
summerBP,CTDEP,1354,2005,,,
summerBP,CTDEP,1412,2004,,,
summerBP,CTDEP,1412,2005,,,
summerBP,CTDEP,1412,2006,,,
summerBP,CTDEP,1412,2007,r,,
summerBP,CTDEP,1412,2008,,,
summerBP,CTDEP,1412,2009,,,
summerBP,CTDEP,1412,2010,,,
summerBP,CTDEP,1413,1998,,,
summerBP,CTDEP,1413,1999,,,
summerBP,CTDEP,1413,2000,,,
summerBP,CTDEP,1413,2001,,,
summerBP,CTDEP,1413,2002,,,
summerBP,CTDEP,1413,2003,wr,,
summerBP,CTDEP,1419,2000,f,,
summerBP,CTDEP,1433,2011,,,
summerBP,CTDEP,1433,2012,,,
summerBP,CTDEP,1440,2010,f,,
summerBP,CTDEP,1441,2001,,,
summerBP,CTDEP,1442,2010,,,
summerBP,CTDEP,1445,2011,,,
summerBP,CTDEP,1449,2000,,,
summerBP,CTDEP,1450,2002,,,
summerBP,CTDEP,1452,2002,w,,
summerBP,CTDEP,1452,2003,,,
summerBP,CTDEP,1452,2004,,,
summerBP,CTDEP,1452,2005,,,
summerBP,CTDEP,1452,2006,,,
summerBP,CTDEP,1455,2010,,,
summerBP,CTDEP,1456,2004,,,
summerBP,CTDEP,1456,2005,,,
summerBP,CTDEP,1456,2006,,,
summerBP,CTDEP,1456,2007,,,
summerBP,CTDEP,1456,2008,,,
summerBP,CTDEP,1456,2009,,,
summerBP,CTDEP,1456,2010,,,
summerBP,CTDEP,1456,2011,,,
summerBP,CTDEP,1456,2012,,,
summerBP,CTDEP,1467,2001,,,
summerBP,CTDEP,1467,2002,,,
summerBP,CTDEP,1467,2003,,,
summerBP,CTDEP,1467,2004,,,
summerBP,CTDEP,1467,2005,,,
summerBP,CTDEP,1467,2006,,,
summerBP,CTDEP,1467,2007,,,
summerBP,CTDEP,1467,2008,,,
summerBP,CTDEP,1467,2009,,,
summerBP,CTDEP,1467,2010,,,
summerBP,CTDEP,1467,2011,,,
summerBP,CTDEP,1468,2011,,,
summerBP,CTDEP,1468,2012,,,
summerBP,CTDEP,1469,2011,,,
summerBP,CTDEP,1469,2012,,,
summerBP,CTDEP,1471,2003,,,
summerBP,CTDEP,1471,2004,,,
summerBP,CTDEP,1482,2002,,,
summerBP,CTDEP,1491,2001,,,
summerBP,CTDEP,1504,2010,,,
summerBP,CTDEP,1507,2007,,,
summerBP,CTDEP,1508,2000,,,
summerBP,CTDEP,1508,2001,,,
summerBP,CTDEP,1513,2008,,,
summerBP,CTDEP,1513,2009,,,
summerBP,CTDEP,1513,2010,,,
summerBP,CTDEP,1513,2011,f,,
summerBP,CTDEP,1513,2012,,,
summerBP,CTDEP,1523,2008,,,
summerBP,CTDEP,1523,2009,,,
summerBP,CTDEP,1523,2010,,,
summerBP,CTDEP,1523,2011,,,
summerBP,CTDEP,1611,2002,,,
summerBP,CTDEP,1656,2001,,,
summerBP,CTDEP,1659,2006,,,
summerBP,CTDEP,1671,2010,,,
summerBP,CTDEP,1697,2006,,,
summerBP,CTDEP,1697,2007,,,
summerBP,CTDEP,1697,2008,,,
summerBP,CTDEP,1697,2009,i,,
summerBP,CTDEP,1697,2010,i,,
summerBP,CTDEP,1709,2006,,,
summerBP,CTDEP,1709,2007,,,
summerBP,CTDEP,1709,2008,,,
summerBP,CTDEP,1728,2008,,,
summerBP,CTDEP,1729,2001,,,
summerBP,CTDEP,1735,2007,,,
summerBP,CTDEP,1735,2008,,,
summerBP,CTDEP,1735,2009,,,
summerBP,CTDEP,1735,2010,,,
summerBP,CTDEP,1735,2011,,,
summerBP,CTDEP,1735,2012,,,
summerBP,CTDEP,1738,2005,,,
summerBP,CTDEP,1739,2008,,,
summerBP,CTDEP,1739,2009,,,
summerBP,CTDEP,1739,2010,,,
summerBP,CTDEP,1739,2011,,,
summerBP,CTDEP,1739,2012,,,
summerBP,CTDEP,1742,2005,,,
summerBP,CTDEP,1744,1998,i,,
summerBP,CTDEP,1744,1999,,,
summerBP,CTDEP,1744,2000,,,
summerBP,CTDEP,1744,2001,,,
summerBP,CTDEP,1744,2002,,,
summerBP,CTDEP,1744,2003,,,
summerBP,CTDEP,1744,2004,,,
summerBP,CTDEP,1744,2005,,,
summerBP,CTDEP,1744,2006,,,
summerBP,CTDEP,1744,2007,i,,
summerBP,CTDEP,1744,2008,i,,
summerBP,CTDEP,1744,2009,i,,
summerBP,CTDEP,1744,2010,i,,
summerBP,CTDEP,1744,2011,i,,
summerBP,CTDEP,1744,2012,i,,
summerBP,CTDEP,1748,2010,,,
summerBP,CTDEP,1748,2011,,,
summerBP,CTDEP,1748,2012,,,
summerBP,CTDEP,1751,2007,,,
summerBP,CTDEP,1753,2002,,,
summerBP,CTDEP,1758,2010,i,,
summerBP,CTDEP,1758,2011,i,,
summerBP,CTDEP,1759,2009,,,
summerBP,CTDEP,1759,2010,i,,
summerBP,CTDEP,1759,2011,i,,
summerBP,CTDEP,1763,2003,,,
summerBP,CTDEP,1777,2007,i,,
summerBP,CTDEP,1777,2008,i,,
summerBP,CTDEP,1777,2009,i,,
summerBP,CTDEP,1777,2010,i,,
summerBP,CTDEP,1777,2011,i,,
summerBP,CTDEP,1777,2012,i,,
summerBP,CTDEP,1791,2006,,,
summerBP,CTDEP,1791,2007,i,,
summerBP,CTDEP,1791,2008,i,,
summerBP,CTDEP,1791,2009,i,,
summerBP,CTDEP,1791,2010,i,,
summerBP,CTDEP,1791,2011,i,,
summerBP,CTDEP,1796,1998,,,
summerBP,CTDEP,1796,1999,,,
summerBP,CTDEP,1796,2000,,,
summerBP,CTDEP,1796,2001,,,
summerBP,CTDEP,1796,2002,,,
summerBP,CTDEP,1796,2003,,,
summerBP,CTDEP,1796,2004,,,
summerBP,CTDEP,1796,2005,,,
summerBP,CTDEP,1796,2006,,,
summerBP,CTDEP,1796,2007,,,
summerBP,CTDEP,1796,2008,,,
summerBP,CTDEP,1796,2009,,,
summerBP,CTDEP,1796,2010,,,
summerBP,CTDEP,1804,2006,i,,
summerBP,CTDEP,1804,2007,i,,
summerBP,CTDEP,1804,2008,i,,
summerBP,CTDEP,1804,2009,i,,
summerBP,CTDEP,1804,2010,i,,
summerBP,CTDEP,1805,2006,,,
summerBP,CTDEP,1805,2007,,,
summerBP,CTDEP,1805,2008,,,
summerBP,CTDEP,1805,2009,,,
summerBP,CTDEP,1805,2010,,,
summerBP,CTDEP,1806,2006,,,
summerBP,CTDEP,1807,2006,,,
summerBP,CTDEP,1808,2006,,,
summerBP,CTDEP,1809,2006,i,,
summerBP,CTDEP,1810,2006,,,
summerBP,CTDEP,1811,2006,,,
summerBP,CTDEP,1812,2006,,,
summerBP,CTDEP,1829,2010,wi,,
summerBP,CTDEP,1830,2004,,,
summerBP,CTDEP,1836,2007,,,
summerBP,CTDEP,1838,2002,f,,
summerBP,CTDEP,1838,2003,,,
summerBP,CTDEP,1838,2004,,,
summerBP,CTDEP,1838,2005,,,
summerBP,CTDEP,1838,2006,,,
summerBP,CTDEP,1838,2007,,,
summerBP,CTDEP,1838,2008,,,
summerBP,CTDEP,1838,2009,,,
summerBP,CTDEP,1838,2010,,,
summerBP,CTDEP,1838,2011,,,
summerBP,CTDEP,1844,2006,,,
summerBP,CTDEP,1853,2011,,,
summerBP,CTDEP,1853,2012,,,
summerBP,CTDEP,1910,2008,,,
summerBP,CTDEP,1913,2009,,,
summerBP,CTDEP,1913,2010,,,
summerBP,CTDEP,1913,2011,,,
summerBP,CTDEP,1916,2006,,,
summerBP,CTDEP,1916,2007,,,
summerBP,CTDEP,1916,2008,,,
summerBP,CTDEP,1916,2009,,,
summerBP,CTDEP,1916,2010,,,
summerBP,CTDEP,1916,2011,,,
summerBP,CTDEP,1916,2012,,,
summerBP,CTDEP,1917,2006,,,
summerBP,CTDEP,1918,2006,,,
summerBP,CTDEP,1938,2011,,,
summerBP,CTDEP,1942,2008,,,
summerBP,CTDEP,1974,2008,,,
summerBP,CTDEP,1981,2009,,,
summerBP,CTDEP,1981,2010,,,
summerBP,CTDEP,1993,2007,,,
summerBP,CTDEP,1993,2008,,,
summerBP,CTDEP,1993,2009,,,
summerBP,CTDEP,1993,2010,,,
summerBP,CTDEP,1993,2011,,,
summerBP,CTDEP,1994,2008,,,
summerBP,CTDEP,1994,2009,,,
summerBP,CTDEP,1994,2010,,,
summerBP,CTDEP,1994,2011,,,
summerBP,CTDEP,2004,2004,,,
summerBP,CTDEP,2004,2005,,,
summerBP,CTDEP,2004,2006,,,
summerBP,CTDEP,2005,2004,,,
summerBP,CTDEP,2005,2005,,,
summerBP,CTDEP,2215,2000,,,
summerBP,CTDEP,2216,2001,,,
summerBP,CTDEP,2217,2001,,,
summerBP,CTDEP,2217,2002,,,
summerBP,CTDEP,2217,2003,,,
summerBP,CTDEP,2218,2001,,,
summerBP,CTDEP,2218,2002,,,
summerBP,CTDEP,2218,2003,,,
summerBP,CTDEP,2219,2003,,,
summerBP,CTDEP,2220,2002,,,
summerBP,CTDEP,2220,2003,,,
summerBP,CTDEP,2220,2004,,,
summerBP,CTDEP,2220,2005,,,
summerBP,CTDEP,2220,2006,,,
summerBP,CTDEP,2220,2007,,,
summerBP,CTDEP,2220,2008,,,
summerBP,CTDEP,2220,2009,,,
summerBP,CTDEP,2220,2010,,,
summerBP,CTDEP,2243,2011,,,
summerBP,CTDEP,2243,2012,,,
summerBP,CTDEP,2266,2004,,,
summerBP,CTDEP,2266,2005,,,
summerBP,CTDEP,2266,2006,,,
summerBP,CTDEP,2266,2007,,,
summerBP,CTDEP,2266,2008,,,
summerBP,CTDEP,2266,2009,,,
summerBP,CTDEP,2266,2010,,,
summerBP,CTDEP,2266,2011,,,
summerBP,CTDEP,2267,2005,,,
summerBP,CTDEP,2267,2006,,,
summerBP,CTDEP,2267,2007,,,
summerBP,CTDEP,2267,2008,,,
summerBP,CTDEP,2267,2009,,,
summerBP,CTDEP,2267,2010,,,
summerBP,CTDEP,2267,2011,,,
summerBP,CTDEP,2268,2005,,,
summerBP,CTDEP,2274,1999,,,
summerBP,CTDEP,2275,2004,,,
summerBP,CTDEP,2277,2004,,,
summerBP,CTDEP,2278,2003,,,
summerBP,CTDEP,2278,2004,,,
summerBP,CTDEP,2278,2005,,,
summerBP,CTDEP,2278,2006,,,
summerBP,CTDEP,2278,2007,,,
summerBP,CTDEP,2278,2008,,,
summerBP,CTDEP,2278,2009,,,
summerBP,CTDEP,2278,2010,,,
summerBP,CTDEP,2278,2011,,,
summerBP,CTDEP,2279,2003,,,
summerBP,CTDEP,2279,2004,,,
summerBP,CTDEP,2279,2005,,,
summerBP,CTDEP,2279,2006,,,
summerBP,CTDEP,2279,2007,,,
summerBP,CTDEP,2279,2008,,,
summerBP,CTDEP,2279,2009,,,
summerBP,CTDEP,2279,2010,,,
summerBP,CTDEP,2279,2011,,,
summerBP,CTDEP,2280,2006,,,
summerBP,CTDEP,2280,2007,,,
summerBP,CTDEP,2280,2008,,,
summerBP,CTDEP,2280,2009,,,
summerBP,CTDEP,2280,2010,,,
summerBP,CTDEP,2280,2011,,,
summerBP,CTDEP,2291,2009,,,
summerBP,CTDEP,2291,2010,,,
summerBP,CTDEP,2292,2006,,,
summerBP,CTDEP,2293,2008,,,
summerBP,CTDEP,2294,2008,,,
summerBP,CTDEP,2295,2010,,,
summerBP,CTDEP,2295,2011,,,
summerBP,CTDEP,2295,2012,,,
summerBP,CTDEP,2297,2010,,,
summerBP,CTDEP,2297,2011,,,
summerBP,CTDEP,2297,2012,,,
summerBP,CTDEP,2299,2011,,,
summerBP,CTDEP,2299,2012,,,
summerBP,CTDEP,2304,2011,,,
summerBP,CTDEP,2304,2012,,,
summerBP,CTDEP,2306,2011,,,
summerBP,CTDEP,2306,2012,,,
summerBP,CTDEP,2309,2011,,,
summerBP,CTDEP,2309,2012,,,
summerBP,CTDEP,2311,2010,,,
summerBP,CTDEP,2312,2011,,,
summerBP,CTDEP,2312,2012,,,
summerBP,CTDEP,2331,2011,,,
summerBP,CTDEP,2331,2012,,,
summerBP,CTDEP,2334,2010,,,
summerBP,CTDEP,2334,2011,,,
summerBP,CTDEP,2334,2012,,,
summerBP,CTDEP,2342,2010,,,
summerBP,CTDEP,2342,2011,,,
summerBP,CTDEP,2342,2012,,,
summerBP,CTDEP,2344,2011,,,
summerBP,CTDEP,2344,2012,,,
summerBP,CTDEP,2346,2011,,,
summerBP,CTDEP,2346,2012,,,
summerBP,CTDEP,2394,2010,,,
summerBP,CTDEP,2394,2011,,,
summerBP,CTDEP,2394,2012,,,
summerBP,CTDEP,2395,2011,,,
summerBP,CTDEP,2444,2008,,,
summerBP,CTDEP,2450,2008,,,
summerBP,CTDEP,2472,2007,,,
summerBP,CTDEP,2472,2008,,,
summerBP,CTDEP,2473,2008,,,
summerBP,CTDEP,2473,2009,,,
summerBP,CTDEP,2473,2010,,,
summerBP,CTDEP,2473,2011,,,
summerBP,CTDEP,2474,2007,,,
summerBP,CTDEP,2474,2008,,,
summerBP,CTDEP,2474,2009,,,
summerBP,CTDEP,2474,2010,,,
summerBP,CTDEP,2474,2011,,,
summerBP,CTDEP,2480,2007,,,
summerBP,CTDEP,2481,2011,,,
summerBP,CTDEP,2486,2009,,,
summerBP,CTDEP,2515,2010,,,
summerBP,CTDEP,2515,2011,,,
summerBP,CTDEP,2532,2009,,,
summerBP,CTDEP,2532,2010,,,
summerBP,CTDEP,2635,2000,,,
summerBP,CTDEP,2635,2001,,,
summerBP,CTDEP,2636,2011,,,
summerBP,CTDEP,2636,2012,,,
summerBP,CTDEP,2638,2011,,,
summerBP,CTDEP,2638,2012,,,
summerBP,CTDEP,2639,2004,,,
summerBP,CTDEP,2639,2005,,,
summerBP,CTDEP,2639,2006,,,
summerBP,CTDEP,2639,2007,,,
summerBP,CTDEP,2639,2008,,,
summerBP,CTDEP,2639,2009,,,
summerBP,CTDEP,2639,2010,,,
summerBP,CTDEP,2676,2011,,,
summerBP,CTDEP,2676,2012,,,
summerBP,CTDEP,2688,2008,,,
summerBP,CTDEP,2688,2009,,,
summerBP,CTDEP,2688,2010,,,
summerBP,CTDEP,2693,2011,,,
summerBP,CTDEP,2709,2011,,,
summerBP,CTDEP,2711,2010,,,
summerBP,CTDEP,2711,2011,,,
summerBP,CTDEP,2711,2012,,,
summerBP,CTDEP,2728,2011,,,
summerBP,CTDEP,2728,2012,,,
summerBP,CTDEP,2729,2005,,,
summerBP,CTDEP,2735,2004,,,
summerBP,CTDEP,2741,2011,,,
summerBP,CTDEP,2741,2012,,,
summerBP,CTDEP,2752,2008,,,
summerBP,CTDEP,2752,2009,,,
summerBP,CTDEP,2752,2010,,,
summerBP,CTDEP,2753,2008,,,
summerBP,CTDEP,2753,2009,,,
summerBP,CTDEP,2753,2010,,,
summerBP,CTDEP,2754,2008,,,
summerBP,CTDEP,2754,2009,,,
summerBP,CTDEP,2754,2010,,,
summerBP,CTDEP,2755,2008,,,
summerBP,CTDEP,2755,2009,,,
summerBP,CTDEP,2755,2010,,,
summerBP,CTDEP,2756,2008,,,
summerBP,CTDEP,2756,2009,,,
summerBP,CTDEP,2756,2010,,,
summerBP,CTDEP,2757,2008,,,
summerBP,CTDEP,2757,2009,,,
summerBP,CTDEP,2757,2010,,,
summerBP,CTDEP,2758,2008,,,
summerBP,CTDEP,2758,2009,,,
summerBP,CTDEP,2758,2010,,,
summerBP,CTDEP,2759,2008,,,
summerBP,CTDEP,2759,2009,,,
summerBP,CTDEP,2759,2010,,,
summerBP,CTDEP,2760,2008,,,
summerBP,CTDEP,2760,2009,,,
summerBP,CTDEP,2760,2010,,,
summerBP,CTDEP,2761,2008,,,
summerBP,CTDEP,2761,2009,,,
summerBP,CTDEP,2761,2010,,,
summerBP,CTDEP,2763,2008,,,
summerBP,CTDEP,2763,2009,,,
summerBP,CTDEP,2763,2010,,,
summerBP,CTDEP,2763,2011,,,
summerBP,CTDEP,2764,2008,,,
summerBP,CTDEP,2764,2009,,,
summerBP,CTDEP,2764,2010,,,
summerBP,CTDEP,2764,2011,,,
summerBP,CTDEP,2765,2008,,,
summerBP,CTDEP,2765,2009,,,
summerBP,CTDEP,2765,2010,,,
summerBP,CTDEP,2765,2011,,,
summerBP,CTDEP,2766,2008,,,
summerBP,CTDEP,2766,2009,,,
summerBP,CTDEP,2766,2010,,,
summerBP,CTDEP,2766,2011,,,
summerBP,CTDEP,2767,2008,,,
summerBP,CTDEP,2777,2011,,,
summerBP,CTDEP,2778,2010,,,
summerBP,CTDEP,2786,2001,,,
summerBP,CTDEP,2788,2008,,,
summerBP,CTDEP,2789,2008,,,
summerBP,CTDEP,2791,2003,,,
summerBP,CTDEP,5069,2011,,,
summerBP,CTDEP,5069,2012,,,
summerBP,CTDEP,5074,2001,,,
summerBP,CTDEP,5077,2004,,,
summerBP,CTDEP,5079,2004,,,
summerBP,CTDEP,5083,2008,,,
summerBP,CTDEP,5097,2005,,,
summerBP,CTDEP,5122,2008,,,
summerBP,CTDEP,5126,2010,,,
summerBP,CTDEP,5132,2007,,,
summerBP,CTDEP,5160,2008,,,
summerBP,CTDEP,5175,2010,,,
summerBP,CTDEP,5176,2000,,,
summerBP,CTDEP,5179,2001,,,
summerBP,CTDEP,5183,2001,,,
summerBP,CTDEP,5198,2008,,,
summerBP,CTDEP,5216,2001,,,
summerBP,CTDEP,5216,2002,,,
summerBP,CTDEP,5216,2003,,,
summerBP,CTDEP,5216,2004,,,
summerBP,CTDEP,5216,2005,,,
summerBP,CTDEP,5216,2006,,,
summerBP,CTDEP,5293,2009,,,
summerBP,CTDEP,5302,2011,,,
summerBP,CTDEP,5303,1999,,,
summerBP,CTDEP,5317,2000,,,
summerBP,CTDEP,5317,2001,,,
summerBP,CTDEP,5317,2002,,,
summerBP,CTDEP,5317,2003,,,
summerBP,CTDEP,5317,2004,,,
summerBP,CTDEP,5317,2005,,,
summerBP,CTDEP,5317,2006,,,
summerBP,CTDEP,5317,2007,,,
summerBP,CTDEP,5317,2008,,,
summerBP,CTDEP,5317,2009,,,
summerBP,CTDEP,5317,2010,,,
summerBP,CTDEP,5317,2011,,,
summerBP,CTDEP,5390,2008,,,
summerBP,CTDEP,5396,1999,,,
summerBP,CTDEP,5396,2000,,,
summerBP,CTDEP,5396,2001,,,
summerBP,CTDEP,5396,2002,,,
summerBP,CTDEP,5396,2003,,,
summerBP,CTDEP,5396,2004,,,
summerBP,CTDEP,5396,2005,,,
summerBP,CTDEP,5396,2006,,,
summerBP,CTDEP,5396,2007,,,
summerBP,CTDEP,5396,2008,,,
summerBP,CTDEP,5396,2009,,,
summerBP,CTDEP,5396,2010,,,
summerBP,CTDEP,5396,2011,,,
summerBP,CTDEP,5440,2002,,,
summerBP,CTDEP,5440,2003,,,
summerBP,CTDEP,5440,2004,,,
summerBP,CTDEP,5440,2005,,,
summerBP,CTDEP,5488,2006,,,
summerBP,CTDEP,5514,2003,,,
summerBP,CTDEP,5514,2004,,,
summerBP,CTDEP,5514,2005,,,
summerBP,CTDEP,5556,2011,,,
summerBP,CTDEP,5579,2011,,,
summerBP,CTDEP,5599,2007,,,
summerBP,CTDEP,5599,2008,,,
summerBP,CTDEP,5599,2009,,,
summerBP,CTDEP,5599,2010,,,
summerBP,CTDEP,5618,2007,,,
summerBP,CTDEP,5625,2008,,,
summerBP,CTDEP,5625,2009,,,
summerBP,CTDEP,5625,2010,,,
summerBP,CTDEP,5626,2008,,,
summerBP,CTDEP,5636,1998,,,
summerBP,CTDEP,5642,2008,,,
summerBP,CTDEP,5660,2008,,,
summerBP,CTDEP,5662,2009,,,
summerBP,CTDEP,5669,2008,,,
summerBP,CTDEP,5712,2008,,,
summerBP,CTDEP,5712,2009,,,
summerBP,CTDEP,5716,2010,,,
summerBP,CTDEP,5762,2006,,,
summerBP,CTDEP,5768,2009,,,
summerBP,CTDEP,5771,2010,,,
summerBP,CTDEP,5910,2009,,,
summerBP,CTDEP,5910,2010,,,
summerBP,CTDEP,5911,2009,,,
summerBP,CTDEP,5911,2010,,,
summerBP,CTDEP,5949,2009,,,
summerBP,CTDEP,5949,2010,,,
summerBP,CTDEP,5950,2008,,,
summerBP,CTDEP,5951,2008,,,
summerBP,CTDEP,5952,2002,,,
summerBP,CTDEP,5953,2002,,,
summerBP,CTDEP,5954,2002,,,
summerBP,CTDEP,5954,2003,,,
summerBP,CTDEP,5954,2004,,,
summerBP,CTDEP,5954,2005,,,
summerBP,CTDEP,5954,2006,,,
summerBP,CTDEP,5954,2007,,,
summerBP,CTDEP,5954,2008,,,
summerBP,CTDEP,5954,2009,,,
summerBP,CTDEP,5954,2010,,,
summerBP,CTDEP,5954,2011,,,
summerBP,CTDEP,5955,2005,,,
summerBP,CTDEP,5956,2008,,,
summerBP,CTDEP,5957,2006,,,
summerBP,CTDEP,5958,2005,,,
summerBP,CTDEP,5959,2004,,,
summerBP,CTDEP,5960,2001,,,
summerBP,CTDEP,5961,2004,,,
summerBP,CTDEP,5962,2007,,,
summerBP,CTDEP,5963,2005,,,
summerBP,CTDEP,5964,2005,,,
summerBP,CTDEP,5966,2007,,,
summerBP,CTDEP,5967,2005,,,
summerBP,CTDEP,5968,2006,,,
summerBP,CTDEP,5969,2008,,,
summerBP,CTDEP,5970,2005,,,
summerBP,CTDEP,5971,2008,,,
summerBP,CTDEP,5972,2002,,,
summerBP,CTDEP,5972,2003,,,
summerBP,CTDEP,5973,2008,,,
summerBP,CTDEP,5974,2003,,,
summerBP,CTDEP,5975,2003,,,
summerBP,CTDEP,5975,2004,,,
summerBP,CTDEP,5976,2007,,,
summerBP,CTDEP,5976,2008,,,
summerBP,CTDEP,5976,2009,,,
summerBP,CTDEP,5976,2010,,,
summerBP,CTDEP,5976,2011,,,
summerBP,CTDEP,5976,2012,,,
summerBP,CTDEP,5977,2004,,,
summerBP,CTDEP,5978,2008,,,
summerBP,CTDEP,5979,2008,,,
summerBP,CTDEP,5981,2000,,,
summerBP,CTDEP,5982,2008,,,
summerBP,CTDEP,5983,2005,,,
summerBP,CTDEP,5984,2001,,,
summerBP,CTDEP,5984,2002,,,
summerBP,CTDEP,5984,2003,,,
summerBP,CTDEP,5984,2004,,,
summerBP,CTDEP,5984,2005,,,
summerBP,CTDEP,5984,2006,,,
summerBP,CTDEP,5984,2007,,,
summerBP,CTDEP,5984,2008,,,
summerBP,CTDEP,5984,2009,,,
summerBP,CTDEP,5984,2010,,,
summerBP,CTDEP,5984,2011,,,
summerBP,CTDEP,5985,2002,,,
summerBP,CTDEP,5985,2003,,,
summerBP,CTDEP,5985,2004,,,
summerBP,CTDEP,5985,2005,,,
summerBP,CTDEP,5985,2006,,,
summerBP,CTDEP,5985,2007,,,
summerBP,CTDEP,5985,2008,,,
summerBP,CTDEP,5985,2009,,,
summerBP,CTDEP,5985,2010,,,
summerBP,CTDEP,5985,2011,,,
summerBP,CTDEP,5986,2006,,,
summerBP,CTDEP,5987,2006,,,
summerBP,CTDEP,5988,2001,,,
summerBP,CTDEP,5988,2002,,,
summerBP,CTDEP,5988,2003,,,
summerBP,CTDEP,5988,2004,,,
summerBP,CTDEP,5988,2005,,,
summerBP,CTDEP,5988,2006,,,
summerBP,CTDEP,5988,2007,,,
summerBP,CTDEP,5988,2008,,,
summerBP,CTDEP,5988,2009,,,
summerBP,CTDEP,5988,2010,,,
summerBP,CTDEP,5988,2011,,,
summerBP,CTDEP,5989,2004,,,
summerBP,CTDEP,5990,2004,,,
summerBP,CTDEP,5991,2004,,,
summerBP,CTDEP,5992,2005,,,
summerBP,CTDEP,5993,2005,,,
summerBP,CTDEP,5994,2001,,,
summerBP,CTDEP,5995,2001,,,
summerBP,CTDEP,5996,2005,,,
summerBP,CTDEP,5996,2006,,,
summerBP,CTDEP,5996,2007,,,
summerBP,CTDEP,5996,2008,,,
summerBP,CTDEP,5997,2008,,,
summerBP,CTDEP,5998,2005,,,
summerBP,CTDEP,5999,2005,,,
summerBP,CTDEP,6000,2008,,,
summerBP,CTDEP,6001,2007,,,
summerBP,CTDEP,6002,2003,,,
summerBP,CTDEP,6002,2004,,,
summerBP,CTDEP,6002,2005,,,
summerBP,CTDEP,6002,2006,,,
summerBP,CTDEP,6002,2007,,,
summerBP,CTDEP,6003,2001,,,
summerBP,CTDEP,6004,2004,,,
summerBP,CTDEP,6005,2004,,,
summerBP,CTDEP,6006,2006,,,
summerBP,CTDEP,6008,2004,,,
summerBP,CTDEP,6008,2005,,,
summerBP,CTDEP,6008,2006,,,
summerBP,CTDEP,6009,2004,,,
summerBP,CTDEP,6010,2005,,,
summerBP,CTDEP,6011,2003,,,
summerBP,CTDEP,6011,2004,,,
summerBP,CTDEP,6012,2008,,,
summerBP,CTDEP,6013,2008,,,
summerBP,CTDEP,6014,2008,,,
summerBP,CTDEP,6016,2008,,,
summerBP,CTDEP,6018,2005,,,
summerBP,CTDEP,6019,2000,,,
summerBP,CTDEP,6020,2004,,,
summerBP,CTDEP,6021,2006,,,
summerBP,CTDEP,6023,2006,,,
summerBP,CTDEP,6023,2007,,,
summerBP,CTDEP,6023,2008,,,
summerBP,CTDEP,6023,2009,,,
summerBP,CTDEP,6023,2010,,,
summerBP,CTDEP,6023,2011,,,
summerBP,CTDEP,6024,2000,,,
summerBP,CTDEP,6024,2001,,,
summerBP,CTDEP,6024,2002,,,
summerBP,CTDEP,6024,2003,,,
summerBP,CTDEP,6024,2004,,,
summerBP,CTDEP,6024,2005,,,
summerBP,CTDEP,6024,2006,,,
summerBP,CTDEP,6024,2007,,,
summerBP,CTDEP,6024,2008,,,
summerBP,CTDEP,6024,2009,,,
summerBP,CTDEP,6024,2010,,,
summerBP,CTDEP,6024,2011,,,
summerBP,CTDEP,6025,2001,,,
summerBP,CTDEP,6025,2002,,,
summerBP,CTDEP,6025,2003,,,
summerBP,CTDEP,6025,2004,,,
summerBP,CTDEP,6025,2005,,,
summerBP,CTDEP,6025,2006,,,
summerBP,CTDEP,6025,2007,,,
summerBP,CTDEP,6025,2008,,,
summerBP,CTDEP,6025,2009,,,
summerBP,CTDEP,6025,2010,,,
summerBP,CTDEP,6028,2006,,,
summerBP,CTDEP,6029,2008,,,
summerBP,CTDEP,6030,2003,,,
summerBP,CTDEP,6030,2004,,,
summerBP,CTDEP,6030,2005,,,
summerBP,CTDEP,6030,2006,,,
summerBP,CTDEP,6031,2008,,,
summerBP,CTDEP,6032,2005,,,
summerBP,CTDEP,6033,2005,,,
summerBP,CTDEP,6034,2005,,,
summerBP,CTDEP,6035,2005,,,
summerBP,CTDEP,6036,2005,,,
summerBP,CTDEP,6037,2006,,,
summerBP,CTDEP,6038,2008,,,
summerBP,CTDEP,6039,2008,,,
summerBP,CTDEP,6040,2002,,,
summerBP,CTDEP,6041,2002,,,
summerBP,CTDEP,6042,2007,,,
summerBP,CTDEP,6043,2004,,,
summerBP,CTDEP,6044,2000,,,
summerBP,CTDEP,6045,2001,,,
summerBP,CTDEP,6046,2001,,,
summerBP,CTDEP,6047,2001,,,
summerBP,CTDEP,6048,2000,,,
summerBP,CTDEP,6048,2001,,,
summerBP,CTDEP,6048,2002,,,
summerBP,CTDEP,6049,1998,,,
summerBP,CTDEP,6049,1999,,,
summerBP,CTDEP,6049,2000,,,
summerBP,CTDEP,6049,2001,,,
summerBP,CTDEP,6049,2002,,,
summerBP,CTDEP,6050,2007,,,
summerBP,CTDEP,6051,2007,,,
summerBP,CTDEP,6052,2007,,,
summerBP,CTDEP,6054,2007,,,
summerBP,CTDEP,6055,2007,,,
summerBP,CTDEP,6056,2004,,,
summerBP,CTDEP,6071,2010,,,
summerBP,CTDEP,6071,2011,,,
summerBP,CTDEP,6072,2009,,,
summerBP,CTDEP,6073,2009,,,
summerBP,CTDEP,6074,2009,,,
summerBP,CTDEP,6075,2009,,,
summerBP,CTDEP,6076,2009,,,
summerBP,CTDEP,6077,2009,,,
summerBP,CTDEP,6078,2009,,,
summerBP,CTDEP,6079,2009,,,
summerBP,CTDEP,6080,2009,,,
summerBP,CTDEP,6081,2009,,,
summerBP,CTDEP,6082,2009,,,
summerBP,CTDEP,6083,2009,,,
summerBP,CTDEP,6084,2008,,,
summerBP,CTDEP,6084,2009,,,
summerBP,CTDEP,6085,2008,,,
summerBP,CTDEP,6086,2009,,,
summerBP,CTDEP,6087,2009,,,
summerBP,CTDEP,6088,2009,,,
summerBP,CTDEP,6089,2009,,,
summerBP,CTDEP,6090,2009,,,
summerBP,CTDEP,6091,2009,,,
summerBP,CTDEP,6092,2009,,,
summerBP,CTDEP,6093,2008,,,
summerBP,CTDEP,6094,2008,,,
summerBP,CTDEP,6095,2008,,,
summerBP,CTDEP,6096,2008,,,
summerBP,CTDEP,6097,2008,,,
summerBP,CTDEP,6098,2008,,,
summerBP,CTDEP,6099,2008,,,
summerBP,CTDEP,6100,2008,,,
summerBP,CTDEP,6101,1999,,,
summerBP,CTDEP,6101,2000,,,
summerBP,CTDEP,6101,2001,,,
summerBP,CTDEP,6101,2002,,,
summerBP,CTDEP,6101,2003,,,
summerBP,CTDEP,6101,2004,,,
summerBP,CTDEP,6101,2005,,,
summerBP,CTDEP,6101,2006,,,
summerBP,CTDEP,6101,2007,,,
summerBP,CTDEP,6101,2008,,,
summerBP,CTDEP,6101,2009,,,
summerBP,CTDEP,6101,2010,,,
summerBP,CTDEP,6101,2011,,,
summerBP,CTDEP,6137,2009,,,
summerBP,CTDEP,6137,2010,,,
summerBP,CTDEP,6155,2010,,,
summerBP,CTDEP,6178,2010,,,
summerBP,CTDEP,6185,2011,,,
summerBP,CTDEP,6185,2012,,,
summerBP,CTDEP,6210,2010,,,
summerBP,CTDEP,6211,2010,,,
summerBP,CTDEP,6212,2010,,,
summerBP,CTDEP,6213,2010,,,
summerBP,CTDEP,6214,2010,,,
summerBP,CTDEP,6215,2010,,,
summerBP,CTDEP,6216,2010,,,
summerBP,CTDEP,6217,2010,,,
summerBP,CTDEP,6218,2010,,,
summerBP,CTDEP,6219,2010,,,
summerBP,CTDEP,6220,2010,,,
summerBP,CTDEP,6221,2010,,,
summerBP,CTDEP,6222,2010,,,
summerBP,CTDEP,6223,2010,,,
summerBP,CTDEP,6224,2010,,,
summerBP,CTDEP,6225,2010,,,
summerBP,CTDEP,6226,2010,,,
summerBP,CTDEP,6226,2011,,,
summerBP,CTDEP,6227,2010,,,
summerBP,CTDEP,6227,2011,,,
summerBP,CTDEP,6228,2010,,,
summerBP,CTDEP,6233,2009,,,
summerBP,CTDEP,6233,2010,,,
summerBP,CTDEP,6233,2011,,,
summerBP,CTDEP,6234,2009,,,
summerBP,CTDEP,6234,2010,,,
summerBP,CTDEP,6234,2011,,,
summerBP,CTDEP,6236,2010,,,
summerBP,CTDEP,6236,2011,,,
summerBP,CTDEP,6272,2008,,,
summerBP,CTDEP,6272,2009,,,
summerBP,CTDEP,6272,2010,,,
summerBP,CTDEP,6287,2011,,,
summerBP,CTDEP,6288,2011,,,
summerBP,CTDEP,6289,2011,,,
summerBP,CTDEP,6290,2011,,,
summerBP,CTDEP,6291,2011,,,
summerBP,CTDEP,6292,2011,,,
summerBP,CTDEP,6294,2011,,,
summerBP,CTDEP,6295,2011,,,
summerBP,CTDEP,6296,2011,,,
summerBP,CTDEP,6327,2011,,,
summerBP,CTDEP,6328,2011,,,
summerBP,CTDEP,6329,2011,,,
summerBP,CTDEP,6590,2008,,,
summerBP,CTDEP,6590,2009,,,
summerBP,CTDEP,6590,2010,,,
summerBP,CTDEP,6591,2008,,,
summerBP,CTDEP,6591,2009,,,
summerBP,CTDEP,6592,2008,,,
summerBP,CTDEP,6592,2009,,,
summerBP,CTDEP,6592,2010,,,
summerBP,CTDEP,6593,2008,,,
summerBP,CTDEP,6593,2009,,,
summerBP,CTDEP,6594,2008,,,
summerBP,CTDEP,6594,2009,,,
summerBP,CTDEP,6594,2010,,,
summerBP,CTDEP,6595,2008,,,
summerBP,CTDEP,6595,2009,,,
summerBP,CTDEP,6596,2008,,,
summerBP,CTDEP,6596,2009,,,
summerBP,CTDEP,6596,2010,,,
summerBP,CTDEP,6597,2008,,,
summerBP,CTDEP,6597,2009,,,
summerBP,CTDEP,6598,2008,,,
summerBP,CTDEP,6598,2009,,,
summerBP,CTDEP,6598,2010,,,
summerBP,CTDEP,6599,2008,,,
summerBP,CTDEP,6600,2008,,,
summerBP,CTDEP,6600,2009,,,
summerBP,CTDEP,6601,2008,,,
summerBP,CTDEP,6601,2009,,,
summerBP,CTDEP,6601,2010,,,
summerBP,CTDEP,6602,2008,,,
summerBP,CTDEP,6602,2009,,,
summerBP,CTDEP,6603,2008,,,
summerBP,CTDEP,6604,2008,,,
summerBP,CTDEP,6604,2009,,,
summerBP,CTDEP,6605,2008,,,
summerBP,CTDEP,6605,2009,,,
summerBP,CTDEP,6606,2008,,,
summerBP,CTDEP,6606,2009,,,
summerBP,CTDEP,6607,2008,,,
summerBP,CTDEP,6607,2009,,,
summerBP,CTDEP,6607,2010,,,
summerBP,CTDEP,6608,2008,,,
summerBP,CTDEP,6608,2009,,,
summerBP,CTDEP,6609,2008,,,
summerBP,CTDEP,6609,2009,,,
summerBP,CTDEP,6609,2010,,,
summerBP,CTDEP,6610,2008,,,
summerBP,CTDEP,6610,2009,,,
summerBP,CTDEP,6611,2008,,,
summerBP,CTDEP,6611,2009,,,
summerBP,CTDEP,6611,2010,,,
summerBP,CTDEP,6612,2008,,,
summerBP,CTDEP,6612,2009,,,
summerBP,CTDEP,6612,2010,,,
summerBP,CTDEP,6613,2008,,,
summerBP,CTDEP,6613,2009,,,
summerBP,CTDEP,6614,2008,,,
summerBP,CTDEP,6614,2009,,,
summerBP,CTDEP,6614,2010,,,
summerBP,CTDEP,6615,2008,,,
summerBP,CTDEP,6615,2009,,,
summerBP,CTDEP,6616,2008,,,
summerBP,CTDEP,6616,2009,,,
summerBP,CTDEP,6617,2008,,,
summerBP,CTDEP,6617,2009,,,
summerBP,CTDEP,6617,2010,,,
summerBP,CTDEP,6618,2008,,,
summerBP,CTDEP,6619,2008,,,
summerBP,CTDEP,6619,2009,,,
summerBP,CTDEP,6620,2008,,,
summerBP,CTDEP,6620,2009,,,
summerBP,CTDEP,6621,2008,,,
summerBP,CTDEP,6621,2009,,,
summerBP,CTDEP,6622,2010,,,
summerBP,CTDEP,6623,2008,,,
summerBP,CTDEP,6623,2009,,,
summerBP,CTDEP,6623,2010,,,
summerBP,CTDEP,6624,2008,,,
summerBP,CTDEP,6624,2009,,,
summerBP,CTDEP,6624,2010,,,
summerBP,CTDEP,6625,2008,,,
summerBP,CTDEP,6625,2009,,,
summerBP,CTDEP,6626,2008,,,
summerBP,CTDEP,6626,2009,,,
summerBP,CTDEP,6626,2010,,,
summerBP,CTDEP,6627,2008,,,
summerBP,CTDEP,6628,2009,,,
summerBP,CTDEP,6628,2010,,,
summerBP,CTDEP,6629,2008,,,
summerBP,CTDEP,6630,2010,,,
summerBP,CTDEP,6631,2008,,,
summerBP,CTDEP,6632,2008,,,
summerBP,CTDEP,6632,2009,,,
summerBP,CTDEP,6632,2010,,,
summerBP,CTDEP,6633,2008,,,
summerBP,CTDEP,6633,2009,,,
summerBP,CTDEP,6634,2008,,,
summerBP,CTDEP,6634,2009,,,
summerBP,CTDEP,6634,2010,,,
summerBP,CTDEP,6636,2008,,,
summerBP,CTDEP,6636,2009,,,
summerBP,CTDEP,6636,2010,,,
summerBP,CTDEP,6637,2008,,,
summerBP,CTDEP,6637,2009,,,
summerBP,CTDEP,6638,2008,,,
summerBP,CTDEP,6638,2009,,,
summerBP,CTDEP,6638,2010,,,
summerBP,CTDEP,6639,2008,,,
summerBP,CTDEP,6640,2008,,,
summerBP,CTDEP,6640,2009,,,
summerBP,CTDEP,6641,2008,,,
summerBP,CTDEP,6641,2009,,,
summerBP,CTDEP,6642,2008,,,
summerBP,CTDEP,6642,2009,,,
summerBP,CTDEP,6643,2008,,,
summerBP,CTDEP,6643,2009,,,
summerBP,CTDEP,6643,2010,,,
summerBP,CTDEP,6644,2008,,,
summerBP,CTDEP,6644,2009,,,
summerBP,CTDEP,6645,2008,,,
summerBP,CTDEP,6645,2009,,,
summerBP,CTDEP,6645,2010,,,
summerBP,CTDEP,6646,2008,,,
summerBP,CTDEP,6646,2009,,,
summerBP,CTDEP,6646,2010,,,
summerBP,CTDEP,6647,2008,,,
summerBP,CTDEP,6647,2009,,,
summerBP,CTDEP,6648,2008,,,
summerBP,CTDEP,6648,2009,,,
summerBP,CTDEP,6649,2009,,,
summerBP,CTDEP,6649,2010,,,
summerBP,CTDEP,6650,2008,,,
summerBP,CTDEP,6650,2009,,,
summerBP,CTDEP,6651,2008,,,
summerBP,CTDEP,6652,2008,,,
summerBP,CTDEP,6652,2009,,,
summerBP,CTDEP,6652,2010,,,
summerBP,CTDEP,6653,2008,,,
summerBP,CTDEP,6654,2008,,,
summerBP,CTDEP,6654,2009,,,
summerBP,CTDEP,6655,2008,,,
summerBP,CTDEP,6655,2009,,,
summerBP,CTDEP,6656,2008,,,
summerBP,CTDEP,6656,2009,,,
summerBP,CTDEP,6656,2010,,,
summerBP,CTDEP,6657,2008,,,
summerBP,CTDEP,6657,2009,,,
summerBP,CTDEP,6658,2010,,,
summerBP,CTDEP,6659,2008,,,
summerBP,CTDEP,6659,2009,,,
summerBP,CTDEP,6660,2008,,,
summerBP,CTDEP,6660,2009,,,
summerBP,CTDEP,6661,2008,,,
summerBP,CTDEP,6662,2008,,,
summerBP,CTDEP,6663,2008,,,
summerBP,CTDEP,6663,2009,,,
summerBP,CTDEP,6664,2008,,,
summerBP,CTDEP,6665,2008,,,
summerBP,CTDEP,6665,2009,,,
summerBP,CTDEP,6665,2010,,,
summerBP,CTDEP,6666,2008,,,
summerBP,CTDEP,6666,2009,,,
summerBP,CTDEP,6666,2010,,,
summerBP,CTDEP,6667,2008,,,
summerBP,CTDEP,6667,2009,,,
summerBP,CTDEP,6668,2008,,,
summerBP,CTDEP,6668,2009,,,
summerBP,CTDEP,6669,2008,,,
summerBP,CTDEP,6669,2009,,,
summerBP,CTDEP,6669,2010,,,
summerBP,CTDEP,6670,2008,,,
summerBP,CTDEP,6670,2009,,,
summerBP,CTDEP,6671,2008,,,
summerBP,CTDEP,6671,2009,,,
summerBP,CTDEP,6672,2010,,,
summerBP,CTDEP,6673,2008,,,
summerBP,CTDEP,6673,2009,,,
summerBP,CTDEP,6674,2008,,,
summerBP,CTDEP,6674,2009,,,
summerBP,CTDEP,6675,2009,,,
summerBP,CTDEP,6676,2010,,,
summerBP,CTDEP,6677,2010,,,
summerBP,CTDEP,6678,2008,,,
summerBP,CTDEP,6678,2009,,,
summerBP,CTDEP,6678,2010,,,
summerBP,CTDEP,6679,2008,,,
summerBP,CTDEP,6679,2009,,,
summerBP,CTDEP,6681,2008,,,
summerBP,CTDEP,6681,2009,,,
summerBP,CTDEP,6682,2008,,,
summerBP,MAFW,2389763,2010,,,
summerBP,MAFW,2389763,2011,,,
summerBP,MAFW,2389763,2012,,,
summerBP,MAFW,2432657,2010,,,
summerBP,MAFW,2432657,2011,,,
summerBP,MAFW,2432678,2010,,,
summerBP,MAFW,2432678,2011,,,
summerBP,MAFW,2432679,2010,,,
summerBP,MAFW,2432679,2011,,,
summerBP,MAFW,2432679,2012,,,
summerBP,MAFW,2432683,2010,,,
summerBP,MAFW,2432683,2011,,,
summerBP,MAFW,2432688,2010,,,
summerBP,MAFW,2432688,2011,,,
summerBP,MAFW,2432704,2010,,,
summerBP,MAFW,2432704,2011,,,
summerBP,MAFW,2439067,2010,,,
summerBP,MAFW,2439067,2011,,,
summerBP,MAFW,2439076,2010,,,
summerBP,MAFW,2439076,2011,,,
summerBP,MAFW,2439083,2010,,,
summerBP,MAFW,2439083,2011,,,
summerBP,MAFW,2439145,2010,,,
summerBP,MAFW,2439145,2011,,,
summerBP,MAFW,2439146,2010,,,
summerBP,MAFW,2439146,2011,,,
summerBP,MAFW,2439147,2010,,,
summerBP,MAFW,2439147,2011,,,
summerBP,MAFW,2439149,2010,,,
summerBP,MAFW,2439149,2011,,,
summerBP,MAFW,2439151,2010,,,
summerBP,MAFW,2439151,2011,,,
summerBP,MAFW,2439152,2010,,,
summerBP,MAFW,2439152,2011,,,
summerBP,MAFW,2439153,2010,,,
summerBP,MAFW,2439153,2011,,,
summerBP,MAFW,2439155,2010,,,
summerBP,MAFW,2439155,2011,,,
summerBP,MAFW,2439157,2010,,,
summerBP,MAFW,2439157,2011,,,
summerBP,MAFW,2439160,2010,,,
summerBP,MAFW,2439160,2011,,,
summerBP,MAFW,2439162,2010,,,
summerBP,MAFW,2439162,2011,,,
summerBP,MAFW,2439162,2012,,,
summerBP,MAFW,2439164,2010,,,
summerBP,MAFW,2439164,2011,,,
summerBP,MAFW,2439167,2010,,,
summerBP,MAFW,2439167,2011,,,
summerBP,MAFW,2439171,2010,,,
summerBP,MAFW,2439171,2011,,,
summerBP,MAFW,2439173,2010,,,
summerBP,MAFW,2439173,2011,,,
summerBP,MAFW,2439180,2010,,,
summerBP,MAFW,2439180,2011,,,
summerBP,MAFW,2439181,2010,,,
summerBP,MAFW,2439181,2011,,,
summerBP,MAFW,2439182,2010,,,
summerBP,MAFW,2439182,2011,,,
summerBP,MAFW,2439190,2010,,,
summerBP,MAFW,2439190,2011,,,
summerBP,MAFW,2439192,2010,,,
summerBP,MAFW,2439192,2011,,,
summerBP,MAFW,2439196,2010,,,
summerBP,MAFW,2439196,2011,,,
summerBP,MAFW,2439249,2010,,,
summerBP,MAFW,2439249,2011,,,
summerBP,MAFW,2439253,2010,,,
summerBP,MAFW,2439253,2011,,,
summerBP,MAFW,2439254,2010,,,
summerBP,MAFW,2439254,2011,,,
summerBP,MAFW,2439255,2010,,,
summerBP,MAFW,2439255,2011,,,
summerBP,MAFW,3MAINST1,,,,
summerBP,MAFW,3MAINST1,,,,
summerBP,MAFW,3MAINST1,,,,
summerBP,MAFW,3MAINST1,,,,
summerBP,MAFW,3MAINST1,,,,
summerBP,MAFW,3MAINST1,,,,
summerBP,MAFW,3MAINST1,,,,
summerBP,MAFW,3MAINST1,,,,
summerBP,MAFW,3MAINST1,,,,
summerBP,MAFW,3MAINST1,,,,
summerBP,MAFW,3MAINST1,,,,
summerBP,MAFW,3MAINST1,,,,
summerBP,MAFW,3MAINST1,,,,
summerBP,MAFW,3MAINST1,,,,
summerBP,MAFW,3MAINST1,,,,
summerBP,MAFW,3MAINST1,,,,
summerBP,MAFW,3MAINST1,,,,
summerBP,MAFW,3MAINST1,,,,
summerBP,MAFW,3MAINST1,,,,
summerBP,MAFW,3MAINST1,,,,
summerBP,MAFW,3MAINST1,,,,
summerBP,MAFW,3MAINST1,,,,
summerBP,MAFW,3MAINST1,,,,
summerBP,MAFW,3MAINST1,,,,
summerBP,MAFW,3MAINST1,,,,
summerBP,MAFW,3MAINST1,,,,
summerBP,MAFW,3MAINST1,,,,
summerBP,MAFW,3MAINST1,,,,
summerBP,MAFW,3MAINST11,,,,
summerBP,MAFW,3MAINST11,,,,
summerBP,MAFW,3MAINST11,,,,
summerBP,MAFW,3MAINST22,,,,
summerBP,MAFW,3MAINST22,,,,
summerBP,MAFW,3MAINST22,,,,
summerBP,MAFW,3MAINST22,,,,
summerBP,MAFW,3MAINST30,,,,
summerBP,MAFW,3MAINST30,,,,
summerBP,MAFW,3MAINST30,,,,
summerBP,MAFW,3MAINST30,,,,
summerBP,MAFW,3MAINST33,,,,
summerBP,MAFW,3MAINST33,,,,
summerBP,MAFW,3MAINST33,,,,
summerBP,MAFW,3MAINST33,,,,
summerBP,MAFW,3MAINST33,,,,
summerBP,MAFW,3MAINST33,,,,
summerBP,MAFW,3MAINST33,,,,
summerBP,MAFW,3MAINST33,,,,
summerBP,MAFW,3MAINST33,,,,
summerBP,MAFW,3MAINST33,,,,
summerBP,MAFW,3MAINST33,,,,
summerBP,MAFW,3MAINST33,,,,
summerBP,MAFW,3MAINST33,,,,
summerBP,MAFW,3MAINST33,,,,
summerBP,MAFW,3MAINST33,,,,
summerBP,MAFW,3MAINST33,,,,
summerBP,MAFW,3MAINST38,,,,
summerBP,MAFW,3MAINST38,,,,
summerBP,MAFW,3MAINST38,,,,
summerBP,MAFW,3MAINST41,,,,
summerBP,MAUSGS,3MAINST41,,DL,1998,
summerBP,MAUSGS,3MAINST41,,DL,1999,
summerBP,MAUSGS,3MAINST46,,DL,2000,
summerBP,MAUSGS,3MAINST46,,DL,2001,
summerBP,MAUSGS,3MAINST46,,DL,2002,
summerBP,MAUSGS,3MAINST46,,DL,2003,
summerBP,MAUSGS,3MAINST47,,DL,2004,
summerBP,MAUSGS,3MAINST47,,DL,2005,
summerBP,MAUSGS,3MAINST47,,DL,2006,
summerBP,MAUSGS,3MAINST47,,DL,2007,
summerBP,MAUSGS,3MAINST47,,DL,2008,
summerBP,MAUSGS,3MAINST47,,DL,2009,
summerBP,MAUSGS,3MAINST47,,DL,2010,
summerBP,MAUSGS,3MAINST47,,DL,2011,
summerBP,MAUSGS,3MAINST49,,DL,2012,
summerBP,MAUSGS,3MAINST49,,DL,2002,
summerBP,MAUSGS,3MAINST49,,DL,2003,
summerBP,MAUSGS,3MAINST49,,DL,2004,
summerBP,MAUSGS,3MAINST51,,DL,2005,
summerBP,MAUSGS,3MAINST55,,DL,2006,
summerBP,MAUSGS,3MAINST55,,DL,2007,
summerBP,MAUSGS,3MAINST55,,DL,2008,
summerBP,MAUSGS,3MAINST62,,DL,2009,
summerBP,MAUSGS,3MAINST62,,DL,2010,
summerBP,MAUSGS,3MAINST62,,DL,2011,
summerBP,MAUSGS,3MAINST62,,DL,2012,
summerBP,MAUSGS,3MAINST62,,DL,1997,
summerBP,MAUSGS,3MAINST7,,DL,1998,
summerBP,MAUSGS,3MAINST7,,DL,1999,
summerBP,MAUSGS,3MAINST7,,DL,2000,
summerBP,MAUSGS,3MAINST7,,DL,2001,
summerBP,MAUSGS,3MAINST7,,DL,2002,
summerBP,MAUSGS,3WESTBR7,,DL,2003,
summerBP,MAUSGS,3WESTBR7,,DL,2004,
summerBP,MAUSGS,3WESTBR7,,DL,2005,
summerBP,MAUSGS,3WESTBR7,,DL,2006,
summerBP,MAUSGS,3WESTBR7,,DL,2007,
summerBP,MAUSGS,4BEAVER1,,DL,2008,
summerBP,MAUSGS,4BEAVER1,,2006,,
summerBP,MAUSGS,4BOGSTR2,,2007,,
summerBP,MAUSGS,4COLONE0,,2008,,
summerBP,MAUSGS,4COLONE1,,2009,,
summerBP,MAUSGS,4EASTER3,,2010,,
summerBP,MAUSGS,4EASTER3,,2011,,
summerBP,MAUSGS,4EASTER3,,2012,,
summerBP,MAUSGS,4EASTER3,,2006,,
summerBP,MAUSGS,4EASTER3,,2007,,
summerBP,MAUSGS,4EASTER4,,2008,,
summerBP,MAUSGS,4MAINST0,,2009,,
summerBP,MAUSGS,4MAINST0,,2010,,
summerBP,MAUSGS,4MAINST0,,2011,,
summerBP,MAUSGS,4MAINST0,,2012,,
summerBP,MAUSGS,4MAINST0,,2006,,
summerBP,MAUSGS,4MAINST0,,2007,,
summerBP,MAUSGS,4MAINST0,,2008,,
summerBP,MAUSGS,4MAINST0,,2009,,
summerBP,MAUSGS,4MAINST0,,2010,,
summerBP,MAUSGS,4MAINST0,,2011,,
summerBP,MAUSGS,4MAINST0,,2012,,
summerBP,MAUSGS,4MAINST11,,2009,,
summerBP,MAUSGS,4MAINST11,,2010,,
summerBP,MAUSGS,4MAINST11,,2011,,
summerBP,MAUSGS,4MAINST11,,2012,,
summerBP,MEDMR,4MAINST11,,,,
summerBP,MEDMR,4MAINST11,,,,
summerBP,MEDMR,4MAINST11,,,,
summerBP,MEDMR,4MAINST11,,,,
summerBP,MEDMR,4MAINST11,,,,
summerBP,MEDMR,4MAINST11,,,,
summerBP,MEDMR,4MAINST11,,,,
summerBP,MEDMR,4MAINST11,,,,
summerBP,MEDMR,4MAINST11,,,,
summerBP,MEDMR,4MAINST37,,,,
summerBP,MEDMR,4MAINST37,,,,
summerBP,MEDMR,4MAINST37,,,,
summerBP,MEDMR,4MAINST37,,,,
summerBP,MEDMR,4MAINST39,,,,
summerBP,MEDMR,4MAINST39,,,,
summerBP,MEDMR,4MAINST39,,,,
summerBP,MEDMR,4MAINST39,,,,
summerBP,MEDMR,4MAINST39,,,,
summerBP,MEDMR,4MAINST39,,,,
summerBP,MEDMR,4MAINST39,,,,
summerBP,MEDMR,4MAINST42,,,,
summerBP,MEDMR,4MAINST42,,,,
summerBP,MEDMR,4MAINST42,,,,
summerBP,MEDMR,4MAINST42,,,,
summerBP,MEDMR,4MAINST42,,,,
summerBP,MEDMR,4MAINST42,,,,
summerBP,MEDMR,4MAINST42,,,,
summerBP,MEDMR,4MAINST42,,,,
summerBP,MEDMR,4MAINST42,,,,
summerBP,MEDMR,4MAINST42,,,,
summerBP,MEDMR,4MAINST42,,,,
summerBP,MEDMR,4MAINST42,,,,
summerBP,MEDMR,4MAINST42,,,,
summerBP,MEDMR,4MAINST42,,,,
summerBP,MEDMR,4MAINST42,,,,
summerBP,MEDMR,4MAINST42,,,,
summerBP,MEDMR,4MAINST42,,,,
summerBP,MEDMR,4MAINST44,,,,
summerBP,MEDMR,4MAINST44,,,,
summerBP,MEDMR,4MAINST45,,,,
summerBP,MEDMR,4MAINST45,,,,
summerBP,MEDMR,4MAINST45,,,,
summerBP,MEDMR,4MAINST45,,,,
summerBP,MEDMR,4MAINST45,,,,
summerBP,MEDMR,4MAINST47,,,,
summerBP,MEDMR,4MAINST47,,,,
summerBP,MEDMR,4MAINST47,,,,
summerBP,MEDMR,4MAINST55,,,,
summerBP,MEDMR,4MAINST55,,,,
summerBP,MEDMR,4MAINST55,,,,
summerBP,MEDMR,4MAINST55,,,,
summerBP,MEDMR,4MAINST55,,,,
summerBP,MEDMR,4MAINST7,,,,
summerBP,MEDMR,4MAINST7,,,,
summerBP,MEDMR,4MAINST7,,,,
summerBP,MEDMR,4MAINST7,,,,
summerBP,MEDMR,4MAINST7,,,,
summerBP,MEDMR,4MAINST7,,,,
summerBP,MEDMR,4MAINST7,,,,
summerBP,MEDMR,4MAINST7,,,,
summerBP,MEDMR,4MAINST7,,,,
summerBP,MEDMR,4MAINST7,,,,
summerBP,MEDMR,4MAINST7,,,,
summerBP,MEDMR,4NETRIB0,,,,
summerBP,MEDMR,4WESTER0,,,,
summerBP,MEDMR,4WESTER0,,,,
summerBP,MEDMR,4WESTER0,,,,
summerBP,MEDMR,5CHAINL0,,,,
summerBP,MEDMR,5CROOKE1,,,,
summerBP,MEDMR,5CROOKE1,,,,
summerBP,MEDMR,5CROOKE1,,,,
summerBP,MEDMR,5CROOKE1,,,,
summerBP,MEDMR,5CROOKE1,,,,
summerBP,MEDMR,5CROOKE1,,,,
summerBP,MEDMR,5CROOKE1,,,,
summerBP,MEDMR,5CROOKE1,,,,
summerBP,MEDMR,5CROOKE1,,,,
summerBP,MEDMR,5CROOKE1,,,,
summerBP,MEDMR,5CROOKE1,,,,
summerBP,MEDMR,5CROOKE1,,,,
summerBP,MEDMR,5CROOKE10,,,,
summerBP,MEDMR,5CROOKE10,,,,
summerBP,MEDMR,5CROOKE14,,,,
summerBP,MEDMR,5CROOKE17,,,,
summerBP,MEDMR,5CROOKE20,,,,
summerBP,MEDMR,5CROOKE20,,,,
summerBP,MEDMR,5CROOKE3,,,,
summerBP,MEDMR,5ESTUAR0,,,,
summerBP,MEDMR,5FLETCHR7,,,,
summerBP,MEDMR,5HONEYM1,,,,
summerBP,MEDMR,5HONEYM4,,,,
summerBP,MEDMR,5LAKEBR1,,,,
summerBP,MEDMR,5LAKEBR1,,,,
summerBP,MEDMR,5LAKEBR1,,,,
summerBP,MEDMR,5LAKEBR1,,,,
summerBP,MEDMR,5LAKEBR1,,,,
summerBP,MEDMR,5LANPHE2,,,,
summerBP,MEDMR,5LANPHE2,,,,
summerBP,MEDMR,5LANPHE3,,,,
summerBP,MEDMR,5LANPHE3,,,,
summerBP,MEDMR,5LANPHE3,,,,
summerBP,MEDMR,5MAINST43,,,,
summerBP,MEDMR,5MAINST43,,,,
summerBP,MEDMR,5MAINST43,,,,
summerBP,MEDMR,5MAINST43,,,,
summerBP,MEDMR,5MAINST43,,,,
summerBP,MEDMR,5MAINST43,,,,
summerBP,MEDMR,5MAINST43,,,,
summerBP,MEDMR,5MAINST43,,,,
summerBP,MEDMR,5MAINST43,,,,
summerBP,MEDMR,5MAINST43,,,,
summerBP,MEDMR,5MAINST43,,,,
summerBP,MEDMR,5MAINST59,,,,
summerBP,MEDMR,5MAINST59,,,,
summerBP,MEDMR,5MAINST59,,,,
summerBP,MEDMR,5MAINST59,,,,
summerBP,MEDMR,5MAINST63,,,,
summerBP,MEDMR,5MAINST64,,,,
summerBP,MEDMR,5MAINST64,,,,
summerBP,MEDMR,5MAINST64,,,,
summerBP,MEDMR,5MAINST64,,,,
summerBP,MEDMR,5MAINST64,,,,
summerBP,MEDMR,5MAINST7,,,,
summerBP,MEDMR,5MAINST7,,,,
summerBP,MEDMR,5MAINST7,,,,
summerBP,MEDMR,5MAINST7,,,,
summerBP,MEDMR,5MAINST7,,,,
summerBP,MEDMR,5MAINST7,,,,
summerBP,MEDMR,5MAINST7,,,,
summerBP,MEDMR,5MAINST7,,,,
summerBP,MEDMR,5MAINST7,,,,
summerBP,MEDMR,5MAINST7,,,,
summerBP,MEDMR,5MAINST7,,,,
summerBP,MEDMR,5MAINST7,,,,
summerBP,MEDMR,5MAINST7,,,,
summerBP,MEDMR,5MAINST7,,,,
summerBP,MEDMR,5MAINST7,,,,
summerBP,MEDMR,5MAINST7,,,,
summerBP,MEDMR,5MAINST7,,,,
summerBP,MEDMR,5MAINST7,,,,
summerBP,MEDMR,5MAINST77,,,,
summerBP,MEDMR,5MAINST77,,,,
summerBP,MEDMR,5MAINST77,,,,
summerBP,MEDMR,5MAINST77,,,,
summerBP,MEDMR,5MOPANG1,,,,
summerBP,MEDMR,5MOPANG1,,,,
summerBP,MEDMR,5MOPANG11,,,,
summerBP,MEDMR,5MOPANG11,,,,
summerBP,MEDMR,5MOPANG11,,,,
summerBP,MEDMR,5MOPANG11,,,,
summerBP,MEDMR,5MOPANG11,,,,
summerBP,MEDMR,5MOPANG11,,,,
summerBP,MEDMR,5MOPANG11,,,,
summerBP,MEDMR,5MOPANG11,,,,
summerBP,MEDMR,5MOPANG11,,,,
summerBP,MEDMR,5MOPANG11,,,,
summerBP,MEDMR,5MOPANG11,,,,
summerBP,MEDMR,5MOPANG30,,,,
summerBP,MEDMR,5MOPANG34,,,,
summerBP,MEDMR,5MOPANG34,,,,
summerBP,MEDMR,5MOPANG34,,,,
summerBP,MEDMR,5MOPANG34,,,,
summerBP,MEDMR,5MOPANG34,,,,
summerBP,MEDMR,5NEWSTR13,,,,
summerBP,MEDMR,5NEWSTR13,,,,
summerBP,MEDMR,5NEWSTR13,,,,
summerBP,MEDMR,5NEWSTR5,,,,
summerBP,MEDMR,5NEWSTR5,,,,
summerBP,MEDMR,5NEWSTR5,,,,
summerBP,MEDMR,5NEWSTR5,,,,
summerBP,MEDMR,5NEWSTR5,,,,
summerBP,MEDMR,5OLDSTR16,,,,
summerBP,MEDMR,5OLDSTR16,,,,
summerBP,MEDMR,5OLDSTR16,,,,
summerBP,MEDMR,5OLDSTR16,,,,
summerBP,MEDMR,5OLDSTR16,,,,
summerBP,MEDMR,5OLDSTR16,,,,
summerBP,MEDMR,5OLDSTR16,,,,
summerBP,MEDMR,5OLDSTR16,,,,
summerBP,MEDMR,5OLDSTR16,,,,
summerBP,MEDMR,5OLDSTR16,,,,
summerBP,MEDMR,5OLDSTR16,,,,
summerBP,MEDMR,5OLDSTR16,,,,
summerBP,MEDMR,5OLDSTR27,,,,
summerBP,MEDMR,5OLDSTR28,,,,
summerBP,MEDMR,5OLDSTR28,,,,
summerBP,MEDMR,5OLDSTR28,,,,
summerBP,MEDMR,5OLDSTR28,,,,
summerBP,MEDMR,5OLDSTR28,,,,
summerBP,MEDMR,5OLDSTR28,,,,
summerBP,MEDMR,5OLDSTR29,,,,
summerBP,MEDMR,5OLDSTR29,,,,
summerBP,MEDMR,5OLDSTR29,,,,
summerBP,MEDMR,5OLDSTR29,,,,
summerBP,MEDMR,5OLDSTR29,,,,
summerBP,MEDMR,5OLDSTR29,,,,
summerBP,MEDMR,5OLDSTR30,,,,
summerBP,MEDMR,5OLDSTR30,,,,
summerBP,MEDMR,5OLDSTR36,,,,
summerBP,MEDMR,5OLDSTR36,,,,
summerBP,MEDMR,5OLDSTR36,,,,
summerBP,MEDMR,5OLDSTR36,,,,
summerBP,MEDMR,5OLDSTR36,,,,
summerBP,MEDMR,5OLDSTR36,,,,
summerBP,MEDMR,5WCROOK0,,,,
summerBP,MEDMR,5WESTBR0,,,,
summerBP,MEDMR,5WESTBR0,,,,
summerBP,MEDMR,5WESTBR0,,,,
summerBP,MEDMR,5WESTBR0,,,,
summerBP,MEDMR,5WESTBR0,,,,
summerBP,MEDMR,5WESTBR11,,,,
summerBP,MEDMR,5WESTBR11,,,,
summerBP,MEDMR,5WESTBR11,,,,
summerBP,MEDMR,5WESTBR11,,,,
summerBP,MEDMR,5WESTBR11,,,,
summerBP,MEDMR,5WESTBR11,,,,
summerBP,MEDMR,5WESTBR11,,,,
summerBP,MEDMR,5WESTBR11,,,,
summerBP,MEDMR,5WESTBR11,,,,
summerBP,MEDMR,5WESTBR11,,,,
summerBP,MEDMR,5WESTBR11,,,,
summerBP,MEDMR,5WESTBR11,,,,
summerBP,MEDMR,5WESTBR11,,,,
summerBP,MEDMR,5WESTBR11,,,,
summerBP,MEDMR,5WESTBR11,,,,
summerBP,MEDMR,5WESTBR11,,,,
summerBP,MEDMR,5WESTBR16,,,,
summerBP,MEDMR,5WESTBR16,,,,
summerBP,MEDMR,5WESTBR17,,,,
summerBP,MEDMR,5WESTBR2,,,,
summerBP,MEDMR,5WESTBR21,,,,
summerBP,MEDMR,5WESTBR21,,,,
summerBP,MEDMR,5WESTBR22,,,,
summerBP,MEDMR,5WESTBR22,,,,
summerBP,MEDMR,5WESTBR22,,,,
summerBP,MEDMR,5WESTBR22,,,,
summerBP,MEDMR,5WESTBR4,,,,
summerBP,MEDMR,5WESTBR4,,,,
summerBP,MEDMR,6BEAVER2,,,,
summerBP,MEDMR,6BEAVER2,,,,
summerBP,MEDMR,6BEAVER2,,,,
summerBP,MEDMR,6BEAVER2,,,,
summerBP,MEDMR,6BEAVER2,,,,
summerBP,MEDMR,6BEAVER2,,,,
summerBP,MEDMR,6BEAVER2,,,,
summerBP,MEDMR,6BEAVER2,,,,
summerBP,MEDMR,6BEAVER2,,,,
summerBP,MEDMR,6CHASEM2,,,,
summerBP,MEDMR,6CHASEM2,,,,
summerBP,MEDMR,6CHASEM2,,,,
summerBP,MEDMR,6CHASEM2,,,,
summerBP,MEDMR,6CHASEM2,,,,
summerBP,MEDMR,6HARMON0,,,,
summerBP,MEDMR,6MAINST0,,,,
summerBP,MEDMR,6MAINST0,,,,
summerBP,MEDMR,6MAINST0,,,,
summerBP,MEDMR,6MAINST0,,,,
summerBP,MEDMR,6MAINST0,,,,
summerBP,MEDMR,6MAINST0,,,,
summerBP,MEDMR,6MAINST0,,,,
summerBP,MEDMR,6MAINST0,,,,
summerBP,MEDMR,6MAINST0,,,,
summerBP,MEDMR,6MAINST0,,,,
summerBP,MEDMR,6MAINST25,,,,
summerBP,MEDMR,6MAINST25,,,,
summerBP,MEDMR,6MAINST25,,,,
summerBP,MEDMR,6MAINST25,,,,
summerBP,MEDMR,6MAINST25,,,,
summerBP,MEDMR,6MAINST25,,,,
summerBP,MEDMR,6MAINST25,,,,
summerBP,MEDMR,6MAINST25,,,,
summerBP,MEDMR,6MAINST25,,,,
summerBP,MEDMR,6MAINST25,,,,
summerBP,MEDMR,6MAINST25,,,,
summerBP,MEDMR,6MAINST25,,,,
summerBP,MEDMR,6MAINST33,,,,
summerBP,MEDMR,6MAINST33,,,,
summerBP,MEDMR,6MAINST33,,,,
summerBP,MEDMR,6MAINST33,,,,
summerBP,MEDMR,6MAINST33,,,,
summerBP,MEDMR,6MAINST33,,,,
summerBP,MEDMR,6MAINST33,,,,
summerBP,MEDMR,6MAINST33,,,,
summerBP,MEDMR,6MAINST33,,,,
summerBP,MEDMR,6MAINST33,,,,
summerBP,MEDMR,6MAINST33,,,,
summerBP,MEDMR,6MAINST33,,,,
summerBP,MEDMR,6MAINST47,,,,
summerBP,MEDMR,6MAINST47,,,,
summerBP,MEDMR,6MAINST47,,,,
summerBP,MEDMR,6MAINST47,,,,
summerBP,MEDMR,6MAINST47,,,,
summerBP,MEDMR,6MAINST47,,,,
summerBP,MEDMR,6MAINST47,,,,
summerBP,MEDMR,6MAINST47,,,,
summerBP,MEDMR,6MAINST47,,,,
summerBP,MEDMR,6MAINST47,,,,
summerBP,MEDMR,6MAINST47,,,,
summerBP,MEDMR,6MAINST47,,,,
summerBP,MEDMR,6MAINST47,,,,
summerBP,MEDMR,6MAINST47,,,,
summerBP,MEDMR,6MAINST47,,,,
summerBP,MEDMR,6MAINST47,,,,
summerBP,MEDMR,6MAINST47,,,,
summerBP,MEDMR,6MAINST50,,,,
summerBP,MEDMR,6NORTHE13,,,,
summerBP,MEDMR,6NORTHE13,,,,
summerBP,MEDMR,6NORTHE13,,,,
summerBP,MEDMR,6NORTHE13,,,,
summerBP,MEDMR,6NORTHE13,,,,
summerBP,MEDMR,6NORTHE13,,,,
summerBP,MEDMR,6NORTHE13,,,,
summerBP,MEDMR,6NORTHE4,,,,
summerBP,MEDMR,6NORTHE4,,,,
summerBP,MEDMR,6NORTHE4,,,,
summerBP,MEDMR,6NORTHE4,,,,
summerBP,MEDMR,6NORTHE4,,,,
summerBP,MEDMR,6NORTHE4,,,,
summerBP,MEDMR,6NORTHE4,,,,
summerBP,MEDMR,6NORTHE4,,,,
summerBP,MEDMR,6NORTHE4,,,,
summerBP,MEDMR,6NORTHE4,,,,
summerBP,MEDMR,6NORTHE4,,,,
summerBP,MEDMR,6NORTHE4,,,,
summerBP,MEDMR,6NORTHE4,,,,
summerBP,MEDMR,6NORTHE4,,,,
summerBP,MEDMR,6NORTHE4,,,,
summerBP,MEDMR,6NORTHE4,,,,
summerBP,MEDMR,6NORTHE4,,,,
summerBP,MEDMR,6NORTHE5,,,,
summerBP,MEDMR,6NORTHE5,,,,
summerBP,MEDMR,6NORTHE6,,,,
summerBP,MEDMR,6SEAVEY1,,,,
summerBP,MEDMR,6SEAVEY1,,,,
summerBP,MEDMR,6SEAVEY1,,,,
summerBP,MEDMR,6SEAVEY1,,,,
summerBP,MEDMR,6SEAVEY1,,,,
summerBP,MEDMR,6SEAVEY1,,,,
summerBP,MEDMR,6SEAVEY1,,,,
summerBP,MEDMR,6SEAVEY1,,,,
summerBP,MEDMR,6SEAVEY1,,,,
summerBP,MEDMR,6SEAVEY1,,,,
summerBP,MEDMR,6SEAVEY1,,,,
summerBP,MEDMR,6SEAVEY1,,,,
summerBP,MEDMR,7CATHAN10,,,,
summerBP,MEDMR,7CATHAN10,,,,
summerBP,MEDMR,7CATHAN11,,,,
summerBP,MEDMR,7CATHAN11,,,,
summerBP,MEDMR,7CATHAN11,,,,
summerBP,MEDMR,7CATHAN12,,,,
summerBP,MEDMR,7CATHAN12,,,,
summerBP,MEDMR,7CATHAN15,,,,
summerBP,MEDMR,7CATHAN15,,,,
summerBP,MEDMR,7CATHAN15,,,,
summerBP,MEDMR,7CATHAN15,,,,
summerBP,MEDMR,7CATHAN15,,,,
summerBP,MEDMR,7CATHAN4,,,,
summerBP,MEDMR,7CATHAN4,,,,
summerBP,MEDMR,7CATHAN4,,,,
summerBP,MEDMR,7CATHAN4,,,,
summerBP,MEDMR,7CATHAN4,,,,
summerBP,MEDMR,7CATHAN4,,,,
summerBP,MEDMR,7CATHAN4,,,,
summerBP,MEDMR,7DEADST7,,,,
summerBP,MEDMR,7MAINST1,,,,
summerBP,MEDMR,7MAINST1,,,,
summerBP,MEDMR,7MAINST1,,,,
summerBP,MEDMR,7MAINST1,,,,
summerBP,MEDMR,7MAINST1,,,,
summerBP,MEDMR,7MAINST1,,,,
summerBP,MEDMR,7MAINST1,,,,
summerBP,MEDMR,7MAINST1,,,,
summerBP,MEDMR,7MAINST1,,,,
summerBP,MEDMR,7MAINST1,,,,
summerBP,MEDMR,7MAINST1,,,,
summerBP,MEDMR,7MAINST1,,,,
summerBP,MEDMR,7MAINST1,,,,
summerBP,MEDMR,7MAINST1,,,,
summerBP,MEDMR,7MAINST1,,,,
summerBP,MEDMR,7MAINST1,,,,
summerBP,MEDMR,7MAINST1,,,,
summerBP,MEDMR,7MAINST1,,,,
summerBP,MEDMR,7MAINST1,,,,
summerBP,MEDMR,7MAINST1,,,,
summerBP,MEDMR,7MAINST1,,,,
summerBP,MEDMR,7MAINST1,,,,
summerBP,MEDMR,7MAINST1,,,,
summerBP,MEDMR,7MAINST1,,,,
summerBP,MEDMR,7MAINST1,,,,
summerBP,MEDMR,7MAINST1,,,,
summerBP,MEDMR,7MAINST1,,,,
summerBP,MEDMR,7MAINST1,,,,
summerBP,MEDMR,7MAINST1,,,,
summerBP,MEDMR,7MAINST1,,,,
summerBP,MEDMR,7MAINST1,,,,
summerBP,MEDMR,7MAINST1,,,,
summerBP,MEDMR,7MAINST1,,,,
summerBP,MEDMR,7MAINST1,,,,
summerBP,MEDMR,7MAINST1,,,,
summerBP,MEDMR,7MAINST1,,,,
summerBP,MEDMR,7MAINST1,,,,
summerBP,MEDMR,7MAINST1,,,,
summerBP,MEDMR,7MAINST1,,,,
summerBP,MEDMR,7MAINST12,,,,
summerBP,MEDMR,7MAINST12,,,,
summerBP,MEDMR,7MAINST12,,,,
summerBP,MEDMR,7MAINST13,,,,
summerBP,MEDMR,7MAINST13,,,,
summerBP,MEDMR,7MAINST13,,,,
summerBP,MEDMR,7MAINST13,,,,
summerBP,MEDMR,7MAINST13,,,,
summerBP,MEDMR,7MAINST13,,,,
summerBP,MEDMR,7MAINST13,,,,
summerBP,MEDMR,7MAINST13,,,,
summerBP,MEDMR,7MAINST13,,,,
summerBP,MEDMR,7MAINST13,,,,
summerBP,MEDMR,7MAINST13,,,,
summerBP,MEDMR,7MAINST13,,,,
summerBP,MEDMR,7MAINST15,,,,
summerBP,MEDMR,7MAINST15,,,,
summerBP,MEDMR,7MAINST18,,,,
summerBP,MEDMR,7MAINST18,,,,
summerBP,MEDMR,7MAINST18,,,,
summerBP,MEDMR,7MAINST18,,,,
summerBP,MEDMR,7MAINST18,,,,
summerBP,MEDMR,7MAINST18,,,,
summerBP,MEDMR,7MAINST18,,,,
summerBP,MEDMR,7MAINST18,,,,
summerBP,MEDMR,7MAINST18,,,,
summerBP,MEDMR,7MAINST18,,,,
summerBP,MEDMR,7MAINST2,,,,
summerBP,MEDMR,7MAINST21,,,,
summerBP,MEDMR,7MAINST21,,,,
summerBP,MEDMR,7MAINST21,,,,
summerBP,MEDMR,7MAINST21,,,,
summerBP,MEDMR,7MAINST21,,,,
summerBP,MEDMR,7MAINST21,,,,
summerBP,MEDMR,7MAINST21,,,,
summerBP,MEDMR,7MAINST21,,,,
summerBP,MEDMR,7MAINST21,,,,
summerBP,MEDMR,7MAINST21,,,,
summerBP,MEDMR,7MAINST23,,,,
summerBP,MEDMR,7VENTUR2,,,,
summerBP,MEDMR,8MAINST64,,,,
summerBP,MEDMR,8MAINST80,,,,
summerBP,MEDMR,8MAINST86,,,,
summerBP,MEDMR,8STONYB1,,,,
summerBP,MEDMR,blac256,2011,,,
summerBP,MEDMR,blac300,2011,,,
summerBP,MEDMR,BlackBranch,NulheganUpper,,,
summerBP,MEDMR,BogBrook,Mouth,,,
summerBP,MEDMR,brou430,2011,,,
summerBP,MEDMR,BrouillardBrook,2010,,,
summerBP,MEDMR,Cent55,2008,,,
summerBP,MEDMR,Cent55,2009,,,
summerBP,MEDMR,Cent60,2008,,,
summerBP,MEDMR,Cent60,2009,,,
summerBP,MEDMR,Cent65,2008,,,
summerBP,MEDMR,Cent65,2009,,,
summerBP,MEDMR,Cent70,2008,,,
summerBP,MEDMR,Cent70,2009,,,
summerBP,MEDMR,clay413,2011,,,
summerBP,MEDMR,ClayHill,2010,,,
summerBP,MEDMR,clyd216,2012,,,
summerBP,MEDMR,clyd287,2012,,,
summerBP,MEDMR,clyd299,2012,,,
summerBP,MEDMR,clyd349,2012,,,
summerBP,MEDMR,clyd354,2012,,,
summerBP,MEDMR,coat413,2011,,,
summerBP,MEDMR,Coaticook,2010,,,
summerBP,MEDMR,cold358,2012,,,
summerBP,MEDMR,EBMoose,2010,,,
summerBP,MEDMR,EBNulhegan,Mink,,,
summerBP,MEDMR,EBNulhegan,Upper,,,
summerBP,MEDMR,EBPassumpsic,LaPawac,,,
summerBP,MEDMR,Emer55,2008,,,
summerBP,MEDMR,Emer55,2009,,,
summerBP,MEDMR,Emer60,2008,,,
summerBP,MEDMR,Emer60,2009,,,
summerBP,MEDMR,Emer65,2008,,,
summerBP,MEDMR,Emer65,2009,,,
summerBP,MEDMR,Emer70,2008,,,
summerBP,MEDMR,Emer70,2009,,,
summerBP,MEDMR,Emer75,2008,,,
summerBP,MEDMR,Emer75,2009,,,
summerBP,MEDMR,fish419,2011,,,
summerBP,MEDMR,FisherBrook,2010,,,
summerBP,MEDMR,GoupeeBrook,2010,,,
summerBP,MEDMR,GrandbyBrook,Mouth,,,
summerBP,MEDMR,hurr417 ,2011,,,
summerBP,MEDMR,HurricaneBrook,2010,,,
summerBP,MEDMR,kirb301,2011,,,
summerBP,MEDMR,KirbyBrook,2007,,,
summerBP,MEDMR,KirbyBrook,2008,,,
summerBP,MEDMR,KirbyBrook,2009,,,
summerBP,MEDMR,KirbyBrook,2010,,,
summerBP,MEDMR,Lamoille,BHLXXX,,,
summerBP,MEDMR,Laur55,2008,,,
summerBP,MEDMR,Laur55,2009,,,
summerBP,MEDMR,Laur60,2008,,,
summerBP,MEDMR,Laur60,2009,,,
summerBP,MEDMR,Laur65,2008,,,
summerBP,MEDMR,Laur65,2009,,,
summerBP,MEDMR,ligh358,2012,,,
summerBP,MEDMR,line477,2011,,,
summerBP,MEDMR,LineBrook,2010,,,
summerBP,MEDMR,LoggerBranch,1,,,
summerBP,MEDMR,LoggerBranch,1,,,
summerBP,MEDMR,LoggerBranch,1,,,
summerBP,MEDMR,LoggerBranch,1,,,
summerBP,MEDMR,LoggerBranch,1,,,
summerBP,MEDMR,LoggerBranch,1,,,
summerBP,MEDMR,LoggerBranch,1,,,
summerBP,MEDMR,LoggerBranch,1,,,
summerBP,MEDMR,LoggerBranch,1,,,
summerBP,MEDMR,LoggerBranch,1,,,
summerBP,MEDMR,MAAlbe55,2005,,,
summerBP,MEDMR,MAAver55,2005,,,
summerBP,MEDMR,MAAver55,2006,,,
summerBP,MEDMR,MABron55,2005,,,
summerBP,MEDMR,MABron55,2006,,,
summerBP,MEDMR,MABron55,2007,,,
summerBP,MEDMR,MAClak55,2005,,,
summerBP,MEDMR,MAClak55,2006,,,
summerBP,MEDMR,MACobb55,2005,,,
summerBP,MEDMR,MACobb55,2006,,,
summerBP,MEDMR,MACobb55,2007,,,
summerBP,MEDMR,MACold55,2005,,,
summerBP,MEDMR,MACold55,2006,,,
summerBP,MEDMR,MACold55,2007,,,
summerBP,MEDMR,MAColl55,2005,,,
summerBP,MEDMR,MAColl55,2006,,,
summerBP,MEDMR,MAColl55,2007,,,
summerBP,MEDMR,madb397,2012,,,
summerBP,MEDMR,madi459,2011,,,
summerBP,MEDMR,MadisonBrook,2010,,,
summerBP,MEDMR,MADunb55,2005,,,
summerBP,MEDMR,MADunb55,2006,,,
summerBP,MEDMR,MADunb55,2007,,,
summerBP,MEDMR,MAFife55,2005,,,
summerBP,MEDMR,MAFife55,2006,,,
summerBP,MEDMR,MAFife55,2007,,,
summerBP,MEDMR,MAFirs55,2005,,,
summerBP,MEDMR,MAFirs55,2006,,,
summerBP,MEDMR,MAFirs55,2007,,,
summerBP,MEDMR,MAFull55,2005,,,
summerBP,MEDMR,MAGibb55,2005,,,
summerBP,MEDMR,MAGibb55,2006,,,
summerBP,MEDMR,MAGulf55,2005,,,
summerBP,MEDMR,MAGulf55,2006,,,
summerBP,MEDMR,MAGulf55,2007,,,
summerBP,MEDMR,MAHawk55,2005,,,
summerBP,MEDMR,MAHogH55,2005,,,
summerBP,MEDMR,MAHogH55,2006,,,
summerBP,MEDMR,MAHogH55,2007,,,
summerBP,MEDMR,MAKear55,2005,,,
summerBP,MEDMR,MAKear55,2006,,,
summerBP,MEDMR,MAKear55,2007,,,
summerBP,MEDMR,MAKear55,2008,,,
summerBP,MEDMR,MAKeyu55,2005,,,
summerBP,MEDMR,MAKeyu55,2006,,,
summerBP,MEDMR,MALyon55,2005,,,
summerBP,MEDMR,MALyon55,2006,,,
summerBP,MEDMR,MALyon55,2007,,,
summerBP,MEDMR,MAMann55,2005,,,
summerBP,MEDMR,MAMaxw55,2005,,,
summerBP,MEDMR,MAMaxw55,2006,,,
summerBP,MEDMR,MAMayn55,2005,,,
summerBP,MEDMR,MAMayn55,2006,,,
summerBP,NHDES,MAMayn55,2007,,,
summerBP,NHDES,MAPark55,2005,,,
summerBP,NHDES,MAPark55,2006,,,
summerBP,NHDES,MAPark55,2007,,,
summerBP,NHDES,MAPleas55,2005,,,
summerBP,NHDES,MAPleas55,2006,,,
summerBP,NHDES,MAPleas55,2007,,,
summerBP,NHDES,MARoar55,2005,,,
summerBP,NHDES,MARoar55,2006,,,
summerBP,NHDES,MARoar55,2007,,,
summerBP,NHDES,MARoar55,2008,,,
summerBP,NHDES,MARoar60,2005,,,
summerBP,NHDES,MARoar60,2006,,,
summerBP,NHDES,MARoar60,2007,,,
summerBP,NHDES,MARoar60,2008,,,
summerBP,NHDES,MAShak55,2005,,,
summerBP,NHDES,MAStag55,2005,,,
summerBP,NHDES,MAStag55,2006,,,
summerBP,NHDES,MAStag55,2007,,,
summerBP,NHDES,MAStag55,2008,,,
summerBP,NHDES,MAStee55,2005,,,
summerBP,NHDES,MASWac55,2005,,,
summerBP,NHDES,MASWac55,2006,,,
summerBP,NHDES,MASWac55,2007,,,
summerBP,NHDES,MATiff55,2005,,,
summerBP,NHDES,MATiff55,2006,,,
summerBP,NHDES,MATowe55,2005,,,
summerBP,NHDES,MATowe55,2006,,,
summerBP,NHDES,MAUntM55,2005,,,
summerBP,NHDES,MAUntM55,2006,,,
summerBP,NHDES,MAUntM55,2007,,,
summerBP,NHDES,MAWarr55,2005,,,
summerBP,NHDES,MAWarr55,2006,,,
summerBP,NHDES,MAWarr55,2007,,,
summerBP,NHDES,MAWeke55,2005,,,
summerBP,NHDES,MAWeke55,2006,,,
summerBP,NHDES,MAWhet55,2005,,,
summerBP,NHDES,MAWhet55,2006,,,
summerBP,NHDES,MAWhet55,2007,,,
summerBP,NHDES,MAWhit55,2005,,,
summerBP,NHDES,MAWilB55,2005,,,
summerBP,NHDES,MAWilB55,2006,,,
summerBP,NHDES,mill332,2011,,,
summerBP,NHDES,MillBrook,2010,,,
summerBP,NHDES,mink380,2011,,,
summerBP,NHDES,MinkBrook,2010,,,
summerBP,NHDES,moeb543,2011,,,
summerBP,NHDES,Moose,AboveStiles,,,
summerBP,NHDES,Moose,BelowKirby,,,
summerBP,NHDES,Moose,BelowVictoryBog,,,
summerBP,NHDES,Moose,EastBranch,,,
summerBP,NHDES,Moose,MidVictoryBog,,,
summerBP,NHDES,Moose,Moccassin,,,
summerBP,NHDES,Moose,VictoryBog,,,
summerBP,NHDES,Moose,WestBranch,,,
summerBP,NHFG,MooseRiver,XXX06,,,
summerBP,NHFG,MooseRiver,XXX06,,,
summerBP,NHFG,MooseRiver,XXX06,,,
summerBP,NHFG,MooseRiver,XXX06,,,
summerBP,NHFG,MooseRiver,XXX06,,,
summerBP,NHFG,MooseRiver,XXX06,,,
summerBP,NHFG,MooseRiver,XXX06,,,
summerBP,NHFG,MooseRiver,XXX06,,,
summerBP,NHFG,MooseRiver,XXX06,,,
summerBP,NHFG,mowb542,2011,,,
summerBP,NHFG,Mudd55,2008,,,
summerBP,NHFG,Mudd55,2009,,,
summerBP,NHFG,Mudd60,2008,,,
summerBP,NHFG,Mudd60,2009,,,
summerBP,NHFG,Mudd65,2008,,,
summerBP,NHFG,Mudd65,2009,,,
summerBP,NHFG,murp403,2011,,,
summerBP,NHFG,MurphyBrook,2010,,,
summerBP,NHFG,NBNulhegan,2010,,,
summerBP,NHFG,NHAldr55,2007,,,
summerBP,NHFG,NHAldr55,2008,,,
summerBP,NHFG,NHAndvMtnBrk55,2006,,,
summerBP,NHFG,NHAsht55,2008,,,
summerBP,NHFG,NHAsht60,2006,,,
summerBP,NHFG,NHBakr55,2007,,,
summerBP,NHFG,NHBear55,2007,,,
summerBP,NHFG,NHBech55,2008,,,
summerBP,NHFG,NHBlakeBrk55,2005,,,
summerBP,NHFG,NHBlck60,2006,,,
summerBP,NHFG,NHBogBrk55,2005,,,
summerBP,NHFG,NHBump55,2008,,,
summerBP,NHFG,NHChesley55,2006,,,
summerBP,NHFG,NHChur55,2008,,,
summerBP,NHFG,NHChyM55,2008,,,
summerBP,NHFG,NHCocheco55,2006,,,
summerBP,NHFG,NHCocheco55,2007,,,
summerBP,NHFG,NHCocheco55,2008,,,
summerBP,NHFG,NHCocheco60,2008,,,
summerBP,NHFG,NHCold55,2007,,,
summerBP,NHFG,NHCold60,2006,,,
summerBP,NHFG,NHColn55,2007,,,
summerBP,NHFG,NHColumbia55,2005,,,
summerBP,NHFG,NHCrlStr55,2005,,,
summerBP,NHFG,NHDart55,2008,,,
summerBP,NHFG,NHDDiamHlgt55,2007,,,
summerBP,NHFG,NHDeer55,2008,,,
summerBP,NHFG,NHDodgeBrk55,2005,,,
summerBP,NHFG,NHDodgeBrk60,2006,,,
summerBP,NHFG,NHDyerBrk55,2005,,,
summerBP,NHFG,NHEBrNash55,2005,,,
summerBP,NHFG,NHFarr55,2006,,,
summerBP,NHFG,NHFrzrBrk55,2006,,,
summerBP,NHFG,NHGreatBrkLngdon55,2005,,,
summerBP,NHFG,NHHayw55,2007,,,
summerBP,NHFG,NHHoneyBrk55,2005,,,
summerBP,NHFG,NHIsgl55,2006,,,
summerBP,NHFG,NHIsr02,2007,,,
summerBP,NHFG,NHIsr02,2008,,,
summerBP,NHFG,NHIsr08,2007,,,
summerBP,NHFG,NHIsr08,2008,,,
summerBP,NHFG,NHIsr14,2007,,,
summerBP,USFS,NHIsr14,2008,,,
summerBP,USFS,NHIsr16,2007,,,
summerBP,USFS,NHIsr16,2008,,,
summerBP,USFS,NHIsr17,2007,,,
summerBP,USFS,NHIsr17,2008,,,
summerBP,USFS,NHIsr19,2007,,,
summerBP,USFS,NHIsr20,2007,,,
summerBP,USFS,NHIsr20,2008,,,
summerBP,USFS,NHIsrl01,2006,,,
summerBP,USFS,NHJohn55,2008,,,
summerBP,USFS,NHJohnsonBrk55,2005,,,
summerBP,USFS,NHJohnsonBrk60,2007,,,
summerBP,USFS,NHLarry55,2005,,,
summerBP,USFS,NHLngMtnBrk55,2005,,,
summerBP,USFS,NHLord55,2008,,,
summerBP,USFS,NHLSgr55,2006,,,
summerBP,USFS,NHLweWhtfcRiv55,2005,,,
summerBP,USFS,NHLwrFourMile55,2005,,,
summerBP,USFS,NHLwrStgHlwBrk55,2007,,,
summerBP,USFS,NHMill55,2006,,,
summerBP,USFS,NHMill60,2006,,,
summerBP,USFS,NHMillikenBrk55,2005,,,
summerBP,USFS,NHMink55,2006,,,
summerBP,USFS,NHMosM55,2006,,,
summerBP,USFS,NHMPis55,2006,,,
summerBP,USFS,NHNBrch55,2007,,,
summerBP,USFS,NHNBrchUnknTribA55,2007,,,
summerBP,USFS,NHNBrn11,2007,,,
summerBP,USFS,NHNBrOfNBrch55,2007,,,
summerBP,USFS,NHNdlShpBrk55,2005,,,
summerBP,USFS,NHNshStrAbvBog55,2005,,,
summerBP,USFS,NHOttr55,2007,,,
summerBP,USFS,NHOttr55,2008,,,
summerBP,USFS,NHOyst55,2007,,,
summerBP,USFS,NHPikeBrk55,2005,,,
summerBP,USFS,NHPisc55,2006,,,
summerBP,USFS,NHPnch55,2007,,,
summerBP,USFS,NHPondBrk55,2005,,,
summerBP,USFS,NHPrsctBrk55,2005,,,
summerBP,USFS,NHRand55,2008,,,
summerBP,USFS,NHSalm55,2007,,,
summerBP,USFS,NHSanb55,2007,,,
summerBP,USFS,NHSBrd55,2007,,,
summerBP,USFS,NHSBrd55,2008,,,
summerBP,USFS,NHSBrLtlDeadDiamRvr55,2005,,,
summerBP,USFS,NHScat55,2006,,,
summerBP,USFS,NHShed55,2007,,,
summerBP,USFS,NHSilverBrk55,2005,,,
summerBP,USFS,NHSlid55,2006,,,
summerBP,USFS,NHStgH02,2007,,,
summerBP,USFS,NHStgH03,2007,,,
summerBP,USFS,NHStgH06,2007,,,
summerBP,USFS,NHStir55,2008,,,
summerBP,USFS,NHStny55,2007,,,
summerBP,USFS,NHSwftRiv55,2006,,,
summerBP,USFS,NHThay55,2006,,,
summerBP,USFS,NHUpAm55,2007,,,
summerBP,USFS,NHUprFourMile55,2005,,,
summerBP,USFS,NHUprGunnison55,2005,,,
summerBP,USFS,NHUprLtlDeadDiam55,2005,,,
summerBP,USFS,NHUprMillBrk55,2005,,,
summerBP,USFS,NHUprRixBrk55,2007,,,
summerBP,USFS,NHUprSalmonBrk55,2005,,,
summerBP,USFS,NHUprSwftRiv55,2005,,,
summerBP,USFS,NHUprWnlnctRiv55,2005,,,
summerBP,USFS,NHWAm55,2008,,,
summerBP,USFS,NHWarrenBrk55,2005,,,
summerBP,USFS,NHWarrenBrk55,2006,,,
summerBP,USFS,NHWarrenBrk60,2006,,,
summerBP,USFS,NHWarrenBrk65,2006,,,
summerBP,USFS,NHWeeksBrk55,2005,,,
summerBP,USFS,NHWlplMtnBrk55,2005,,,
summerBP,USFS,NHWshbrnBrk55,2005,,,
summerBP,VTFWS,NHWwar55,2006,,,
summerBP,VTFWS,nubb378,2011,,,
summerBP,VTFWS,nubb538,2011,2010,,
summerBP,VTFWS,nueb425,2011,2007,,
summerBP,VTFWS,nulb396,2011,,,
summerBP,VTFWS,nunb421,2011,,,
summerBP,VTFWS,nuyb384 ,2011,,,
summerBP,VTFWS,orcu310,2012,,,
summerBP,VTFWS,oswe353,2011,,,
summerBP,VTFWS,oswe353,2012,,,
summerBP,VTFWS,Oswegatchie,2010,,,
summerBP,VTFWS,outl384,2012,,,
summerBP,VTFWS,paeb324,2011,,,
summerBP,VTFWS,Passumpsic,XXX06,,,
summerBP,VTFWS,Passumpsic,XXX06,,,
summerBP,VTFWS,Passumpsic,XXX06,,,
summerBP,VTFWS,Passumpsic,XXX06,,,
summerBP,VTFWS,Passumpsic,XXX06,2010,,
summerBP,VTFWS,Passumpsic,XXX06,2010,,
summerBP,VTFWS,Passumpsic,XXX06,2010,,
summerBP,VTFWS,Passumpsic,XXX06,,,
summerBP,VTFWS,Passumpsic,XXX06,,,
summerBP,VTFWS,Paul,AboveBog,,,
summerBP,VTFWS,paul408,2011,2007,,
summerBP,VTFWS,paul469,2011,,,
summerBP,VTFWS,PaulJohn,2010,,,
summerBP,VTFWS,pher371,2011,,,
summerBP,VTFWS,pher371,2012,,,
summerBP,VTFWS,Pherrins,2010,,,
summerBP,VTFWS,Pine,2010,,,
summerBP,VTFWS,pine413,2011,,,
summerBP,VTFWS,pine413,2012,2006,,
summerBP,VTFWS,Scad60,2008,,,
summerBP,VTFWS,Scad60,2009,,,
summerBP,VTFWS,Scad65,2008,,,
summerBP,VTFWS,Scad65,2009,2001,,
summerBP,VTFWS,SEC,30,2002,,
summerBP,VTFWS,SEC,30,2003,,
summerBP,VTFWS,SEC,30,2004,,
summerBP,VTFWS,SEC,30,2005,,
summerBP,VTFWS,SEC,30,2006,,
summerBP,VTFWS,SEC,30,2007,,
summerBP,VTFWS,SEC,30,2008,,
summerBP,VTFWS,SEC,30,2009,,
summerBP,VTFWS,SEC,30,2010,,
summerBP,VTFWS,SEC,30,,,
summerBP,VTFWS,SEC,30,,,
summerBP,VTFWS,SEC,30,,,
summerBP,VTFWS,SEC,30,,,
summerBP,VTFWS,SEC,30,,,
summerBP,VTFWS,SEC,30,,,
summerBP,VTFWS,SEC,45,,,
summerBP,VTFWS,SEC,45,,,
summerBP,VTFWS,SEC,45,2007,,
summerBP,VTFWS,SEC,45,2007,,
summerBP,VTFWS,SEC,45,2007,,
summerBP,VTFWS,SEC,45,Mouth,2007,
summerBP,VTFWS,SEC,45,2007,,
summerBP,VTFWS,SEC,45,2007,,
summerBP,VTFWS,SEC,45,2007,,
summerBP,VTFWS,SEC,45,Mouth,2007,
summerBP,VTFWS,SEC,45,2004,,
summerBP,VTFWS,SEC,6,2005,,
summerBP,VTFWS,SEC,6,2006,,
summerBP,VTFWS,SEC,6,2007,,
summerBP,VTFWS,SEC,6,2008,,
summerBP,VTFWS,SEC,6,2009,,
summerBP,VTFWS,SEC,6,2010,,
summerBP,VTFWS,SEC,6,2011,,
summerBP,VTFWS,SEC,6,2012,,
summerBP,VTFWS,SEC,6,,,
summerBP,VTFWS,SEC,6,,,
summerBP,VTFWS,SEC,6,,,
summerBP,VTFWS,SEC,6,,,
summerBP,VTFWS,Sleepers,XXX06,,,
summerBP,VTFWS,Sleepers,XXX06,,,
summerBP,VTFWS,Sleepers,XXX06,,,
summerBP,VTFWS,Sleepers,XXX06,,,
summerBP,VTFWS,Sleepers,XXX06,,,
summerBP,VTFWS,Sleepers,XXX06,,,
summerBP,VTFWS,Sleepers,XXX06,,,
summerBP,VTFWS,Sleepers,XXX06,,,
summerBP,VTFWS,Sleepers,XXX06,,,
summerBP,VTFWS,Sprg55,2008,,,
summerBP,VTFWS,Sprg55,2009,,,
summerBP,VTFWS,Sprg60,2008,,,
summerBP,VTFWS,Sprg60,2009,2004,,
summerBP,VTFWS,StilesBrook,Mouth,2005,,
summerBP,VTFWS,ston457,2011,2006,,
summerBP,VTFWS,StonyBrook,2004,2007,,
summerBP,VTFWS,StonyBrook,2005,2008,,
summerBP,VTFWS,StonyBrook,2006,2009,,
summerBP,VTFWS,StonyBrook,2007,2010,,
summerBP,VTFWS,StonyBrook,2008,2011,,
summerBP,VTFWS,StonyBrook,2009,2012,,
summerBP,VTFWS,StonyBrook,2010,2010,,
summerBP,VTFWS,timc546,2011,,,
summerBP,VTFWS,TimCarroll,2002,,,
summerBP,VTFWS,tolm422,2011,,,
summerBP,VTFWS,TolmanBrook,2010,,,
summerBP,VTFWS,tuff407,2011,,,
summerBP,VTFWS,tuff407,2012,,,
summerBP,VTFWS,TuffieldWilley,2010,,,
summerBP,VTFWS,UCen55,2008,,,
summerBP,VTFWS,UCen55,2009,,,
summerBP,VTFWS,umpi415,2011,2004,,
summerBP,VTFWS,Umpire,2010,2005,,
summerBP,VTFWS,vall396,2012,2006,,
summerBP,VTFWS,WB,JIMMY,2007,,
summerBP,VTFWS,WB,JIMMY,2008,,
summerBP,VTFWS,WB,JIMMY,2009,,
summerBP,VTFWS,WB,JIMMY,2010,,
summerBP,VTFWS,WB,JIMMY,2011,,
summerBP,VTFWS,WB,JIMMY,2012,,
summerBP,VTFWS,WB,JIMMY,2007,,
summerBP,VTFWS,WB,MITCHELL,,,
summerBP,VTFWS,WB,MITCHELL,,,
summerBP,VTFWS,WB,MITCHELL,,,
summerBP,VTFWS,WB,MITCHELL,,,
summerBP,VTFWS,WB,MITCHELL,,,
summerBP,VTFWS,WB,MITCHELL,,,
summerBP,VTFWS,WB,MITCHELL,,,
summerBP,VTFWS,WB,OBEAR,,,
summerBP,VTFWS,WB,OBEAR,,,
summerBP,VTFWS,WB,OBEAR,,,
summerBP,VTFWS,WB,OBEAR,,,
summerBP,VTFWS,WB,OBEAR,,,
summerBP,VTFWS,WB,OBEAR,,,
summerBP,VTFWS,WB,OBEAR,,,
summerBP,VTFWS,WBMoose,2010,,,
summerBP,VTFWS,webs370,2012,,,
summerBP,VTFWS,weir410,2011,,,
summerBP,VTFWS,WeirMillBrook,2010,,,
summerBP,VTFWS,WEST,BROOK,,,
summerBP,VTFWS,WEST,BROOK,,,
summerBP,VTFWS,WEST,BROOK,,,
summerBP,VTFWS,WEST,BROOK,,,
summerBP,VTFWS,yell384,2011,,,
summerBP,VTFWS,YellowAlder,2010,,,
summerBP,VTFWS,YellowBranch,Nulhegan,2010,,
