streamName,agency,site,currentFeatureID,correctFeatureID,localCatchment,duplicatePairing,notes
Valley Brook,CTDEP,CTDEP_1452,6105407,1,0,ONE,wetland
Hurricane Brook,CTDEP,CTDEP_2728,6105419,1,0,ONE,
Belden Brook,CTDEP,CTDEP_1084,6105443,1,0,ONE,no name confirmed with NHD plus
Belden Brook,CTDEP,CTDEP_2729,6105445,1,0,ONE,no name confirmed with NHD plus
Hubbard Brook,CTDEP,CTDEP_1156,6105951,1,0,ONE,
Sandy Brook,CTDEP,CTDEP_2217,6107083,1,0,ONE,
Sandy Brook,CTDEP,CTDEP_2218,6107083,1,0,ONE,
West Branch Salmon Brook,CTDEP,CTDEP_1433,6109085,1,0,ONE,no name confirmed with NHD plus
East Branch Salmon Brook,CTDEP,CTDEP_1083,6109087,1,0,ONE,
Salmon Brook,CTDEP,CTDEP_310,6109101,1,0,ONE,no name confirmed with NHD plus
West Branch Salmon Brook,CTDEP,CTDEP_359,6109107,1,0,ONE,no name confirmed with NHD plus
Salmon Brook,CTDEP,CTDEP_2450,6109121,1,0,ONE,no name confirmed with NHD plus
Morgan Brook,CTDEP,CTDEP_408,6109147,1,0,ONE,
Hop Brook,CTDEP,CTDEP_5949,6109183,1,0,ONE,
Hop Brook,CTDEP,CTDEP_2444,6109183,1,0,ONE,
Mill Brook,CTDEP,CTDEP_1918,6109201,1,0,ONE,
Cherry Brook,CTDEP,CTDEP_1513,6109219,1,0,ONE,
Bunnell Brook,CTDEP,CTDEP_2266,6109237,1,0,ONE,
Farmington River,CTDEP,CTDEP_5976,6109237,6109631,0,ONE,
Thompson Brook,CTDEP,CTDEP_1916,6109255,1,0,ONE,
Thompson Brook,CTDEP,CTDEP_1130,6109255,1,0,ONE,
Coppermine Brook,CTDEP,CTDEP_894,6109295,1,0,ONE,called Farmington River in NHD Plus but looks to be the correct spot.
Coppermine Brook,CTDEP,CTDEP_33,6109295,1,0,ONE,called Farmington River in NHD Plus but looks to be the correct spot.
Pequabuck River,CTDEP,CTDEP_711,6109299,1,0,ONE,
Pequabuck River,CTDEP,CTDEP_712,6109301,1,0,ONE,
Pequabuck River,CTDEP,CTDEP_399,6109303,1,0,ONE,
Pequabuck River,CTDEP,CTDEP_2215,6109303,1,0,ONE,
Pequabuck River,CTDEP,CTDEP_266,6109303,1,0,ONE,
Pequabuck River,CTDEP,CTDEP_265,6109305,1,0,ONE,
Roaring Brook,CTDEP,CTDEP_1081,6109459,1,0,ONE,
Negro Hill Brook,CTDEP,CTDEP_6009,6109469,1,0,ONE,
Pequabuck River,CTDEP,CTDEP_1974,6109473,1,0,ONE,Labelled Farmington in NHDplus but matches up correctly
Pequabuck River,CTDEP,CTDEP_267,6109479,1,0,ONE,Labelled Farmington in NHDplus but matches up correctly
Pequabuck River,CTDEP,CTDEP_258,6109479,1,0,ONE,Labelled Farmington in NHDplus but matches up correctly
Farmington River,CTDEP,CTDEP_2243,6109519,1,0,ONE,
West Branch Farmington River,CTDEP,CTDEP_6049,6109559,1,0,ONE,
West Branch Farmington River,CTDEP,CTDEP_6048,6109585,1,0,ONE,
FARMINGTON RIVER,CTDEP,CTDEP_741,6109615,1,0,ONE,
Farmington River,CTDEP,CTDEP_2275,6109631,1,0,ONE,
Farmington River,CTDEP,CTDEP_5975,6109641,1,0,ONE,
FARMINGTON RIVER,CTDEP,CTDEP_72,6109647,1,0,ONE,
Nod Brook,CTDEP,CTDEP_1244,6109743,1,1,ONE,
Nod Brook,CTDEP,CTDEP_1243,6109743,1,1,ONE,
West Branch Farmington River,CTDEP,CTDEP_1777,6109759,1,0,ONE,
Bunnell Brook,CTDEP,CTDEP_2711,6109765,1,0,ONE,
Sandy Brook,CTDEP,CTDEP_317,6111155,1,0,ONE,
Sandy Brook,CTDEP,CTDEP_1796,6111165,1,0,ONE,
Still River,CTDEP,CTDEP_599,6111179,1,0,ONE,
Indian Meadow Brook,CTDEP,CTDEP_742,6111193,1,0,ONE,
Still River,CTDEP,CTDEP_1742,6111195,1,0,ONE,
Mad River,CTDEP,CTDEP_158,6111197,1,0,ONE,
Mad River,CTDEP,CTDEP_1739,6111197,1,0,ONE,
Mallory Brook,CTDEP,CTDEP_717,6111207,1,1,ONE,
Sandy Brook,CTDEP,CTDEP_2219,6111415,1,0,ONE,
Sandy Brook,CTDEP,CTDEP_336,6111419,1,0,ONE,
West Branch Farmington River,CTDEP,CTDEP_1744,6111421,1,0,ONE,
Mad River,CTDEP,CTDEP_1738,6111435,1,0,ONE,
Rugg Brook,CTDEP,CTDEP_2299,6111437,1,0,ONE,no name confirmed with NHD plus
Green Fall River,CTDEP,CTDEP_606,6140796,1,0,ONE,
PENDLETON HILL BROOK,CTDEP,CTDEP_1748,6140826,1,0,ONE,
Shunock River,CTDEP,CTDEP_2635,6140902,1,0,ONE,
Pawcatuck River,CTDEP,CTDEP_254,6140934,1,0,ONE,
Quinebaug River,CTDEP,CTDEP_285,6144833,1,0,ONE,
Muddy Brook,CTDEP,CTDEP_1830,6148375,1,0,ONE,
French River,CTDEP,CTDEP_81,6148397,1,0,ONE,
Little River,CTDEP,CTDEP_151,6148469,1,0,ONE,
Little River,CTDEP,CTDEP_1062,6148505,1,0,ONE,
Quinebaug River,CTDEP,CTDEP_492,6148535,1,0,ONE,
Mashamoquet Brook,CTDEP,CTDEP_778,6148655,1,0,ONE,
BLACKWELL BROOK,CTDEP,CTDEP_5079,6148751,1,0,ONE,
Fall Brook (Ross Pond Brook),CTDEP,CTDEP_6236,6148769,1,0,ONE,
Quanduck Brook,CTDEP,CTDEP_473,6148909,1,0,ONE,
Moosup River,CTDEP,CTDEP_6003,6148961,1,0,ONE,
Quinebaug River,CTDEP,CTDEP_476,6149063,1,0,ONE,
Moosup River,CTDEP,CTDEP_472,6149371,1,0,ONE,
Moosup River,CTDEP,CTDEP_6101,6149615,1,0,ONE,
Quinebaug River,CTDEP,CTDEP_2786,6149637,1,0,ONE,
Potash Brook,CTDEP,CTDEP_6014,6159825,1,0,ONE,
Delphi Brook,CTDEP,CTDEP_2757,6159829,1,0,ONE,
Aggard Brook,CTDEP,CTDEP_5950,6160353,1,0,ONE,no name confirmed with NHD plus
Middle River,CTDEP,CTDEP_6000,6160361,1,0,ONE,
Furnace Brook,CTDEP,CTDEP_2758,6162323,1,0,ONE,
Furnace Brook,CTDEP,CTDEP_5979,6162333,1,0,ONE,
Stickney Hill Brook,CTDEP,CTDEP_766,6162341,1,0,ONE,
Roaring Brook,CTDEP,CTDEP_6016,6162343,1,0,ONE,
Ellis Brook,CTDEP,CTDEP_5973,6162349,1,0,ONE,
Patten Brook,CTDEP,CTDEP_6013,6162351,1,0,ONE,
Furnace Brook,CTDEP,CTDEP_89,6162359,1,0,ONE,
Patten Brook,CTDEP,CTDEP_6012,6162361,1,0,ONE,called Ellis Brook in NHDplus. Position makes sense though
BUNGEE BROOK,CTDEP,CTDEP_5097,6162363,1,0,ONE,
Chamberlain Pond,CTDEP,CTDEP_5967,6162363,1,0,ONE,Waterbody?
Black Pond,CTDEP,CTDEP_5958,6162363,1,0,ONE,Waterbody?
Furnace Brook,CTDEP,CTDEP_90,6162367,1,0,ONE,
Furnace Brook,CTDEP,CTDEP_2760,6162375,1,0,ONE,
Furnace Brook,CTDEP,CTDEP_543,6162383,1,0,ONE,
Crystal Lake Brook,CTDEP,CTDEP_1942,6162389,1,0,ONE,
McIntyres Brook,CTDEP,CTDEP_5997,6162393,1,0,ONE,
Crystal Lake Brook,CTDEP,CTDEP_5969,6162395,1,0,ONE,
Crystal Pond Brook,CTDEP,CTDEP_5970,6162399,1,1,ONE,
Still River,CTDEP,CTDEP_6032,6162399,1,0,ONE,
Still River,CTDEP,CTDEP_6035,6162405,1,0,ONE,
Fenton River,CTDEP,CTDEP_2788,6162407,1,0,ONE,
Safford Brook,CTDEP,CTDEP_6018,6162411,1,0,ONE,
Bungee Brook,CTDEP,CTDEP_5964,6162415,1,0,ONE,
Bone Mill Brook,CTDEP,CTDEP_1456,6162419,1,0,ONE,
Branch Brook,CTDEP,CTDEP_2291,6162431,1,0,ONE,
Branch Brook,CTDEP,CTDEP_2532,6162431,1,0,ONE,
Roaring Brook,CTDEP,CTDEP_462,6162441,6162919,0,ONE,
Bungee Brook,CTDEP,CTDEP_466,6162447,1,0,ONE,
grover Brook,CTDEP,CTDEP_6078,6162449,1,1,ONE,
Skungamaug River,CTDEP,CTDEP_6086,6162449,1,0,ONE,
East Branch Mount Hope,CTDEP,CTDEP_1728,6162459,1,0,ONE,
Mount Hope River,CTDEP,CTDEP_1671,6162467,1,0,ONE,
Willimantic River,CTDEP,CTDEP_1507,6162471,6162441,0,ONE,
Willimantic River,CTDEP,CTDEP_1508,6162471,1,0,ONE,
Willimantic River,CTDEP,CTDEP_2220,6162471,1,0,ONE,
Willimantic River,CTDEP,CTDEP_6055,6162471,1,0,ONE,
Gardner Brook,CTDEP,CTDEP_2294,6162479,1,0,ONE,
Mount Hope River,CTDEP,CTDEP_2791,6162495,1,0,ONE,
Bebbington Brook,CTDEP,CTDEP_5956,6162495,1,1,ONE,
SQUAW HOLLOW BROOK,CTDEP,CTDEP_5626,6162497,1,1,ONE,
Knowlton Brook,CTDEP,CTDEP_2293,6162497,1,0,ONE,
Beaver Dam Brook,CTDEP,CTDEP_5955,6162507,1,0,ONE,
East Branch Stonehouse Brook,CTDEP,CTDEP_6038,6162533,1,0,ONE,
West Branch Stonehouse Brook,CTDEP,CTDEP_6039,6162535,1,0,ONE,
Skungamaug River,CTDEP,CTDEP_6083,6162541,1,0,ONE,
Cedar Swamp Brook,CTDEP,CTDEP_1659,6162545,1,0,ONE,
Willimantic River,CTDEP,CTDEP_6091,6162555,1,0,ONE,
Clarke Brook,CTDEP,CTDEP_27,6162555,1,1,ONE,
WILLIMANTIC RIVER,CTDEP,CTDEP_1751,6162555,1,0,ONE,
winding brook,CTDEP,CTDEP_6092,6162555,1,1,ONE,
Brigham Tavern Brook,CTDEP,CTDEP_5962,6162559,1,1,ONE,
Cedar Swamp Brook,CTDEP,CTDEP_5966,6162567,6163105,0,ONE,"falls in other catchment, but this one is clearly more accurate"
Skungamaug River,CTDEP,CTDEP_6029,6162571,1,0,ONE,
Stiles Brook,CTDEP,CTDEP_6031,6162579,1,1,ONE,
CURTIS BROOK,CTDEP,CTDEP_5160,6162579,1,1,ONE,
Fenton River,CTDEP,CTDEP_75,6162579,1,0,ONE,
MASON BROOK,CTDEP,CTDEP_5390,6162579,1,1,ONE,
Fenton River,CTDEP,CTDEP_2789,6162579,6163059,0,ONE,"falls in other catchment, but this one is clearly more accurate"
Fenton River,CTDEP,CTDEP_5978,6162579,1,0,ONE,
ELDREDGE BROOK,CTDEP,CTDEP_5198,6162579,1,1,ONE,
Mount Hope River,CTDEP,CTDEP_469,6162583,1,0,ONE,
Mclaughlin pond outflow,CTDEP,CTDEP_5999,6162583,1,1,ONE,
Mclaughlin Pond Brook,CTDEP,CTDEP_5998,6162583,1,1,ONE,
MOUNT HOPE RIVER,CTDEP,CTDEP_1753,6162583,1,0,ONE,
Mount Hope River,CTDEP,CTDEP_1068,6162583,1,0,ONE,
Willimantic River,CTDEP,CTDEP_6052,6162585,1,0,ONE,
FENTON RIVER,CTDEP,CTDEP_5216,6162589,1,0,ONE,
Willimantic River,CTDEP,CTDEP_6051,6162619,1,0,ONE,
Mill Brook,CTDEP,CTDEP_6001,6162625,1,0,ONE,
Skungamaug River,CTDEP,CTDEP_6084,6162637,1,0,ONE,
Olsons Brook,CTDEP,CTDEP_6081,6162637,1,1,ONE,
HEMLOCK BROOK,CTDEP,CTDEP_5293,6162637,1,1,ONE,
ash brook,CTDEP,CTDEP_6072,6162639,1,1,ONE,
Hop River,CTDEP,CTDEP_6080,6162639,1,0,ONE,
Bolton Pond Brook,CTDEP,CTDEP_2486,6162639,1,1,ONE,
Hop River,CTDEP,CTDEP_6079,6162639,1,0,ONE,
Sawmill Brook,CTDEP,CTDEP_6021,6162667,1,0,ONE,
staddle Brook,CTDEP,CTDEP_6088,6162683,1,0,ONE,
Willimantic River,CTDEP,CTDEP_6054,6162685,1,0,ONE,
gifford Brook,CTDEP,CTDEP_6077,6162701,1,0,ONE,
Tenmile river,CTDEP,CTDEP_6089,6162707,1,0,ONE,
cold brook,CTDEP,CTDEP_6075,6162713,1,0,ONE,
cold brook,CTDEP,CTDEP_6074,6162713,1,0,ONE,
Cold Brook,CTDEP,CTDEP_5968,6162719,1,0,ONE,
Little River,CTDEP,CTDEP_153,6162743,1,0,ONE,
Diamond Ledge Brook,CTDEP,CTDEP_5971,6162903,1,1,ONE,
Middle River,CTDEP,CTDEP_489,6162905,1,0,ONE,
Roaring Brook,CTDEP,CTDEP_2216,6162909,1,0,ONE,
CEDAR SWAMP BROOK,CTDEP,CTDEP_5122,6162909,1,1,ONE,
Willimantic River,CTDEP,CTDEP_458,6162915,1,0,ONE,
Middle River,CTDEP,CTDEP_461,6162915,6162387,0,ONE,
Willimantic River,CTDEP,CTDEP_457,6162915,1,0,ONE,
Lead Mine Brook,CTDEP,CTDEP_2292,6162917,1,1,ONE,
Bigelow Brook,CTDEP,CTDEP_5957,6162917,6163005,0,ONE,Changed based on location within catchment and confluence in High Res flowlines. Still probably inaccurate.
Roaring Brook,CTDEP,CTDEP_1491,6162919,1,0,ONE,
Skungamaug River,CTDEP,CTDEP_6087,6162925,6163073,0,ONE,"falls in other catchment, but this one is clearly more accurate"
Bungee Brook,CTDEP,CTDEP_5963,6162927,6162447,0,ONE,
Still River,CTDEP,CTDEP_467,6162927,1,0,ONE,
Haven Ledge Brook,CTDEP,CTDEP_5983,6162927,1,1,ONE,
Still River,CTDEP,CTDEP_6034,6162927,6162445,0,ONE,based on min distance to flowline
Still River,CTDEP,CTDEP_6033,6162927,1,0,ONE,
Bigelow Brook,CTDEP,CTDEP_468,6162929,1,0,ONE,
Stone Brook,CTDEP,CTDEP_6036,6162929,1,1,ONE,
Natchaug River,CTDEP,CTDEP_5636,6162937,1,0,ONE,
Natchaug River,CTDEP,CTDEP_189,6162939,1,0,ONE,
STONEHOUSE BROOK,CTDEP,CTDEP_5642,6162943,1,0,ONE,
Stonehouse Brook,CTDEP,CTDEP_2331,6162943,1,0,ONE,
Stonehouse Brook,CTDEP,CTDEP_6037,6162943,1,0,ONE,
Rufus brook,CTDEP,CTDEP_6082,6162951,1,0,ONE,
Hop River,CTDEP,CTDEP_1008,6162955,1,0,ONE,
burnap brook,CTDEP,CTDEP_6073,6162957,1,0,ONE,
Willimantic River,CTDEP,CTDEP_1836,6162965,1,0,ONE,
CIDER MILL BROOK,CTDEP,CTDEP_5132,6162965,1,1,ONE,
Willimantic River,CTDEP,CTDEP_6050,6162965,1,0,ONE,
Willimantic River,CTDEP,CTDEP_460,6162965,1,0,ONE,
columbia lake brook,CTDEP,CTDEP_6076,6162967,1,1,ONE,
thorton Brook,CTDEP,CTDEP_6090,6162967,1,1,ONE,
Little River,CTDEP,CTDEP_1656,6162969,1,0,ONE,
Tenmile River,CTDEP,CTDEP_6042,6162975,1,0,ONE,
Beaver Brook,CTDEP,CTDEP_1125,6162977,1,0,ONE,
Merrick Brook,CTDEP,CTDEP_5396,6162979,1,0,ONE,
Merrick Brook,CTDEP,CTDEP_480,6162979,1,0,ONE,
Natchaug River,CTDEP,CTDEP_1088,6162989,1,0,ONE,
Natchaug River,CTDEP,CTDEP_6006,6162989,1,0,ONE,
Hatch Brook,CTDEP,CTDEP_5982,6163017,1,0,ONE,
North Ashford Brook,CTDEP,CTDEP_6010,6163023,1,1,ONE,
Eagleville Brook,CTDEP,CTDEP_1697,6163123,1,1,ONE,
Eagleville Brook,CTDEP,CTDEP_1225,6163123,1,1,ONE,
Eagleville Brook,CTDEP,CTDEP_1228,6163123,1,1,ONE,
Eagleville Brook,CTDEP,CTDEP_1226,6163123,1,1,ONE,
Eagleville Brook,CTDEP,CTDEP_1735,6163123,1,1,ONE,
Shetucket River,CTDEP,CTDEP_6028,6163181,1,0,ONE,
Obwebetuck Brook,CTDEP,CTDEP_5488,6163185,1,1,ONE,
Shetucket River,CTDEP,CTDEP_326,6163185,1,0,ONE,
Shetucket River,CTDEP,CTDEP_1844,6163215,1,0,ONE,
Natchaug River,CTDEP,CTDEP_1123,6163289,1,0,ONE,
Furnace Brook,CTDEP,CTDEP_2759,6163329,1,0,ONE,
Alden Brook,CTDEP,CTDEP_5951,6163341,1,0,ONE,
Still River,CTDEP,CTDEP_2268,6163381,1,0,ONE,
Lost Pond Brook,CTDEP,CTDEP_5992,6163385,1,1,ONE,
Lost Pond Brook,CTDEP,CTDEP_5993,6163385,1,1,ONE,
WILLIMANTIC RIVER,CTDEP,CTDEP_5762,6165125,1,0,ONE,
Pease Brook,CTDEP,CTDEP_1482,6168282,1,0,ONE,
Yantic River,CTDEP,CTDEP_1449,6168310,1,0,ONE,
Yantic River,CTDEP,CTDEP_622,6168318,1,0,ONE,
Trading Cove Brook,CTDEP,CTDEP_2395,6168354,1,0,ONE,
Trading Cove Brook,CTDEP,CTDEP_6044,6168356,1,0,ONE,
Whitford Brook,CTDEP,CTDEP_612,6168776,1,0,ONE,
Haleys Brook,CTDEP,CTDEP_6185,6168782,1,0,ONE,
Stony Brook,CTDEP,CTDEP_2638,6170076,1,0,ONE,
Stony Brook,CTDEP,CTDEP_2639,6170098,1,0,ONE,Coastal
Pattagansett River,CTDEP,CTDEP_6011,6170318,1,0,ONE,Coastal
Billings Avery Brook,CTDEP,CTDEP_5069,6170500,1,0,ONE,
Quinnipiac River,CTDEP,CTDEP_1412,6174422,1,0,ONE,
Quinnipiac River,CTDEP,CTDEP_292,6174422,1,0,ONE,
Eightmile River,CTDEP,CTDEP_488,6174424,1,0,ONE,
Eightmile River,CTDEP,CTDEP_63,6174424,1,0,ONE,
Quinnipiac River,CTDEP,CTDEP_294,6174428,1,0,ONE,
Ten Mile River,CTDEP,CTDEP_347,6174434,1,0,ONE,
Cuff Brook,CTDEP,CTDEP_5910,6174446,6174448,0,ONE,"falls in other catchment, but this one is clearly more accurate"
Harbor Brook,CTDEP,CTDEP_101,6174452,1,0,ONE,
Ten Mile River,CTDEP,CTDEP_348,6174464,1,0,ONE,
Quinnipiac River,CTDEP,CTDEP_1419,6174606,1,0,ONE,
Misery Brook,CTDEP,CTDEP_1808,6174610,1,0,ONE,
Muddy River,CTDEP,CTDEP_5514,6177030,1,0,ONE,
Willow Brook (Hamden)-01,CTDEP,CTDEP_1807,6177034,1,0,ONE,
Quinnipiac River,CTDEP,CTDEP_289,6177036,6177816,0,ONE,based on min distance to flowline
Mill River,CTDEP,CTDEP_923,6177104,6177080,0,ONE,
Mill River,CTDEP,CTDEP_1089,6177114,1,0,ONE,
MUDDY RIVER,CTDEP,CTDEP_5440,6177116,1,0,ONE,
Muddy River,CTDEP,CTDEP_1806,6177116,1,0,ONE,
Mill River,CTDEP,CTDEP_2753,6177260,1,0,ONE,
Mill River,CTDEP,CTDEP_2754,6177260,1,0,ONE,
Mill River,CTDEP,CTDEP_2755,6177260,1,0,ONE,
Mill River,CTDEP,CTDEP_2756,6177260,1,0,ONE,
Mill River,CTDEP,CTDEP_2752,6177260,1,0,ONE,
Pond Meadow Brook,CTDEP,CTDEP_1853,6177274,6177218,0,ONE,
Farm River,CTDEP,CTDEP_68,6177298,1,0,ONE,
Muddy River,CTDEP,CTDEP_997,6177310,1,0,ONE,
Farm River,CTDEP,CTDEP_976,6177344,1,0,ONE,
Hammonasset River,CTDEP,CTDEP_5981,6177366,1,0,ONE,
Farm River,CTDEP,CTDEP_69,6177416,1,0,ONE,
Chatfield Hollow Brook,CTDEP,CTDEP_2334,6177418,1,0,ONE,
Hammonasset River,CTDEP,CTDEP_96,6177424,1,0,ONE,
Farm River,CTDEP,CTDEP_5974,6177560,1,0,ONE,
Farm River,CTDEP,CTDEP_974,6177650,1,0,ONE,Coastal
Quaker Brook,CTDEP,CTDEP_627,6224238,1,0,ONE,
Titicus River,CTDEP,CTDEP_628,6227358,1,0,ONE,
CONNECTICUT RIVER,CTDEP,CTDEP_1758,6782185,1,0,ONE,
Rockadundee Brook,CTDEP,CTDEP_6217,7698188,1,0,ONE,
Grape Brook,CTDEP,CTDEP_6214,7698270,1,0,ONE,
Thrasher Brook,CTDEP,CTDEP_6222,7698842,1,0,ONE,
Watchaug Brook,CTDEP,CTDEP_1829,7698852,1,0,ONE,
Schanade Brook,CTDEP,CTDEP_6220,7698856,1,0,ONE,no name confirmed with NHD plus
Gillettes Brook,CTDEP,CTDEP_6213,7699926,1,0,ONE,no name confirmed with NHD plus
Terry Brook,CTDEP,CTDEP_6178,7699942,1,0,ONE,
Gulf Stream,CTDEP,CTDEP_6155,7699944,1,0,ONE,
Lievre Brook,CTDEP,CTDEP_6215,7699952,1,0,ONE,no name confirmed with NHD plus
Gulf Stream,CTDEP,CTDEP_2515,7699954,1,0,ONE,
CONNECTICUT RIVER,CTDEP,CTDEP_1759,7699970,1,0,ONE,
Buckhorn Brook,CTDEP,CTDEP_912,7699978,1,0,ONE,
Broad Brook,CTDEP,CTDEP_6211,7700014,1,0,ONE,
Broad Brook,CTDEP,CTDEP_22,7700014,1,0,ONE,
Spring Glen Brook,CTDEP,CTDEP_6221,7700022,1,0,ONE,
Ketch Brook,CTDEP,CTDEP_145,7700032,1,0,ONE,
Ketch Brook,CTDEP,CTDEP_139,7700032,1,0,ONE,
Hockanum River,CTDEP,CTDEP_956,7700038,1,0,ONE,
DRY BROOK,CTDEP,CTDEP_5175,7700056,1,0,ONE,
Gages Brook,CTDEP,CTDEP_6290,7700058,1,0,ONE,
Hockanum River,CTDEP,CTDEP_116,7700060,1,0,ONE,
Scantic River,CTDEP,CTDEP_6219,7700066,7700046,0,ONE,
Tankerhoosen River,CTDEP,CTDEP_5662,7700068,1,0,ONE,
Tankerhoosen River,CTDEP,CTDEP_1120,7700068,1,0,ONE,
Tankerhoosen River (TMA),CTDEP,CTDEP_1034,7700068,1,0,ONE,
Tankerhoosen river,CTDEP,CTDEP_6040,7700068,1,0,ONE,
Tankerhoosen River,CTDEP,CTDEP_345,7700074,1,0,ONE,
Tankerhoosen river,CTDEP,CTDEP_6041,7700074,1,0,ONE,
Railroad Brook,CTDEP,CTDEP_5556,7700078,1,0,ONE,
Avery Brook,CTDEP,CTDEP_6287,7700090,1,0,ONE,
Hockanum River,CTDEP,CTDEP_5303,7700102,1,0,ONE,
HOCKANUM RIVER,CTDEP,CTDEP_5302,7700102,1,0,ONE,
Hockanum River,CTDEP,CTDEP_916,7700102,1,0,ONE,
Podunk River,CTDEP,CTDEP_6216,7700112,1,0,ONE,
Podunk River,CTDEP,CTDEP_1309,7700114,7700958,0,ONE,
North Branch Park River,CTDEP,CTDEP_2741,7700132,1,0,ONE,no name confirmed with NHD plus
Railroad Brook,CTDEP,CTDEP_6295,7700134,1,0,ONE,
Hockanum River,CTDEP,CTDEP_5984,7700138,1,0,ONE,
Hockanum River,CTDEP,CTDEP_110,7700148,1,0,ONE,
Bigelow Brook,CTDEP,CTDEP_6288,7700152,1,0,ONE,
Bigelow Brook,CTDEP,CTDEP_2709,7700154,7700142,0,ONE,
Hockanum River,CTDEP,CTDEP_2777,7700154,1,0,ONE,
Hockanum River,CTDEP,CTDEP_112,7700154,1,0,ONE,
South Fork Hockanum River,CTDEP,CTDEP_124,7700164,1,0,ONE,
North Branch Park River,CTDEP,CTDEP_2274,7700166,1,0,ONE,no name confirmed with NHD plus
Folly Brook,CTDEP,CTDEP_6289,7700180,1,1,ONE,
Willow Brook below Pratt,CTDEP,CTDEP_1938,7700194,1,1,ONE,
Pewterpot Brook,CTDEP,CTDEP_6294,7700208,1,0,ONE,
Salmon Brook,CTDEP,CTDEP_313,7700218,1,0,ONE,
Salmon Brook,CTDEP,CTDEP_311,7700224,1,0,ONE,
Hubbard Brook,CTDEP,CTDEP_6296,7700246,1,0,ONE,
Mott Hill Brook,CTDEP,CTDEP_2295,7700308,1,0,ONE,
Fawn Hill Brook,CTDEP,CTDEP_5977,7700352,1,0,ONE,
Mattabesset River,CTDEP,CTDEP_163,7700366,1,0,ONE,
Meadow Brook,CTDEP,CTDEP_1917,7700386,1,0,ONE,no name confirmed with NHD plus
Belcher Brook,CTDEP,CTDEP_1338,7700398,1,0,ONE,
Sawmill Brook,CTDEP,CTDEP_453,7700406,1,0,ONE,
Flat Brook,CTDEP,CTDEP_2306,7700460,1,0,ONE,
Salmon river,CTDEP,CTDEP_6234,7700526,1,0,ONE,
COGINCHAUG RIVER,CTDEP,CTDEP_1763,7700532,1,0,ONE,
Scantic River,CTDEP,CTDEP_6218,7700694,1,0,ONE,
Scantic River,CTDEP,CTDEP_2778,7700698,1,0,ONE,
WOODS STREAM,CTDEP,CTDEP_5771,7700698,1,1,ONE,
Abbey Brook,CTDEP,CTDEP_6210,7700702,1,0,ONE,
Broad Brook,CTDEP,CTDEP_1135,7700716,1,0,ONE,
Scantic River,CTDEP,CTDEP_6223,7700720,1,0,ONE,
Pinney Brook,CTDEP,CTDEP_6292,7700726,1,1,ONE,
CHARTER'S BROOK,CTDEP,CTDEP_5126,7700728,1,0,ONE,
Hockanum River,CTDEP,CTDEP_1804,7700730,1,0,ONE,
Hockanum River,CTDEP,CTDEP_113,7700730,1,0,ONE,
Hockanum River,CTDEP,CTDEP_957,7700730,1,0,ONE,
Ogden Brook,CTDEP,CTDEP_6291,7700734,1,0,ONE,
Tankerhoosen River,CTDEP,CTDEP_1805,7700738,1,0,ONE,
Trout Brook,CTDEP,CTDEP_354,7700768,1,0,ONE,no name confirmed with NHD plus
Blackledge River,CTDEP,CTDEP_1450,7700816,1,0,ONE,
BLACKLEDGE RIVER,CTDEP,CTDEP_5077,7700832,1,0,ONE,
Salmon River,CTDEP,CTDEP_316,7700846,1,0,ONE,
Day Pond Brook,CTDEP,CTDEP_2304,7700846,1,1,ONE,
Salmon River,CTDEP,CTDEP_6019,7700846,1,0,ONE,
Cabin Brook,CTDEP,CTDEP_5911,7700852,1,0,ONE,no name confirmed with NHD plus
Cabin Brook,CTDEP,CTDEP_6137,7700852,1,0,ONE,no name confirmed with NHD plus
Cabin Brook,CTDEP,CTDEP_1504,7700852,1,0,ONE,no name confirmed with NHD plus
Coginchaug River,CTDEP,CTDEP_28,7700856,1,0,ONE,
CONNECTICUT RIVER,CTDEP,CTDEP_1913,7701098,1,0,ONE,
Freshwater Brook,CTDEP,CTDEP_6212,7701384,1,0,ONE,
Lydall Brook,CTDEP,CTDEP_2693,7701400,1,0,ONE,
Paper Mill Pond (Hockanum River impoundment0,CTDEP,CTDEP_900,7701432,1,0,ONE,
Burnhams Brook,CTDEP,CTDEP_1239,7702122,1,0,ONE,no name confirmed with NHD plus
EAST BRANCH EIGHTMILE RIVER,CTDEP,CTDEP_5176,7702218,1,0,ONE,
Eightmile River,CTDEP,CTDEP_930,7702234,1,0,ONE,
Beaver Brook,CTDEP,CTDEP_1236,7702302,1,0,ONE,
Coginchaug River,CTDEP,CTDEP_446,7702602,1,0,ONE,
East Branch Eightmile River,CTDEP,CTDEP_49,7702612,7702618,0,ONE,Catchment change based on name
Hemlock Valley Brook,CTDEP,CTDEP_2297,7702620,1,0,ONE,Coastal
CONNECTICUT RIVER,CTDEP,CTDEP_6233,7703054,1,0,ONE,Coastal
Whiting River,CTDEP,CTDEP_2277,7710090,1,0,ONE,
Blackberry River,CTDEP,CTDEP_5959,7710090,166182165,0,ONE,In next catchment over?
Wachocastinook Creek,CTDEP,CTDEP_6046,7710112,1,0,ONE,
Wachocastinook Creek,CTDEP,CTDEP_6045,7710112,1,0,ONE,
Sages Ravine Brook,CTDEP,CTDEP_1440,7710236,1,0,ONE,no name confirmed with NHD plus
Sages Ravine Brook,CTDEP,CTDEP_780,7710236,1,0,ONE,no name confirmed with NHD plus
Blackberry River,CTDEP,CTDEP_970,7710242,1,0,ONE,
Blackberry River,CTDEP,CTDEP_5961,7710242,1,0,ONE,
Blackberry River,CTDEP,CTDEP_575,7710242,1,0,ONE,
Blackberry River,CTDEP,CTDEP_574,7710242,1,0,ONE,
Wachocastinook Creek,CTDEP,CTDEP_6047,7711842,1,0,ONE,
Factory Brook,CTDEP,CTDEP_395,7711864,1,0,ONE,
Brown Brook,CTDEP,CTDEP_2342,7711966,1,0,ONE,
Hollenbeck River,CTDEP,CTDEP_122,7711968,1,0,ONE,
SALMON CREEK,CTDEP,CTDEP_5579,7711972,1,0,ONE,
Flat Brook,CTDEP,CTDEP_2309,7711980,1,0,ONE,
Hall Meadow Brook,CTDEP,CTDEP_2394,7712002,1,0,ONE,
Housatonic River,CTDEP,CTDEP_6097,7712082,1,0,ONE,
Housatonic River,CTDEP,CTDEP_6099,7712082,1,0,ONE,
Mill Brook,CTDEP,CTDEP_951,7712084,1,0,ONE,
Housatonic River,CTDEP,CTDEP_6098,7712098,1,0,ONE,
Pine Swamp Brook,CTDEP,CTDEP_6227,7712100,1,0,ONE,
Jakes Brook,CTDEP,CTDEP_2312,7712104,1,0,ONE,
Housatonic River,CTDEP,CTDEP_6094,7712108,1,0,ONE,
East Branch Naugatuck River,CTDEP,CTDEP_1030,7712114,1,0,ONE,
Carse Brook,CTDEP,CTDEP_1981,7712134,1,0,ONE,
Housatonic River,CTDEP,CTDEP_6093,7712224,1,0,ONE,
Hatch Brook,CTDEP,CTDEP_1441,7712226,1,0,ONE,
Housatonic River,CTDEP,CTDEP_5985,7712276,1,0,ONE,
Furnace Brook,CTDEP,CTDEP_952,7712282,1,0,ONE,
Furnace Brook,CTDEP,CTDEP_1162,7712282,1,0,ONE,
Housatonic River,CTDEP,CTDEP_6100,7712282,7712292,0,ONE,
Furnace Brook,CTDEP,CTDEP_1076,7712282,1,0,ONE,
Housatonic River,CTDEP,CTDEP_6095,7712292,1,0,ONE,
Housatonic River,CTDEP,CTDEP_6096,7712292,1,0,ONE,
Guinea Brook,CTDEP,CTDEP_1442,7712296,1,0,ONE,
West Branch Naugatuck River,CTDEP,CTDEP_357,7712312,1,0,ONE,
Naugatuck River,CTDEP,CTDEP_223,7712464,1,0,ONE,
Kent Falls Brook,CTDEP,CTDEP_6272,7712476,1,0,ONE,
"Kent Falls Brook, Tributary to",CTDEP,CTDEP_6636,7712476,1,0,ONE,
Kent Falls Brook,CTDEP,CTDEP_6615,7712478,1,0,ONE,
Kent Falls Brook,CTDEP,CTDEP_953,7712478,1,0,ONE,
Kent Falls Brook,CTDEP,CTDEP_6618,7712478,1,0,ONE,
Kent Falls Brook,CTDEP,CTDEP_6614,7712478,1,0,ONE,
Kent Falls Brook,CTDEP,CTDEP_6619,7712478,1,0,ONE,
"Kent Falls Brook, Tributary to",CTDEP,CTDEP_6638,7712478,1,1,ONE,
Kent Falls Brook,CTDEP,CTDEP_6617,7712478,1,0,ONE,
Kent Falls Brook,CTDEP,CTDEP_6616,7712478,1,0,ONE,
"Kent Falls Brook, Tributary to",CTDEP,CTDEP_6637,7712478,1,1,ONE,This one is alittle weird. Just picking the local catchment for now.
Bantam River,CTDEP,CTDEP_915,7712480,1,0,ONE,
Kent Falls Brook,CTDEP,CTDEP_6625,7712504,7712520,0,ONE,Based on position on high res flowlines
Kent Falls Brook,CTDEP,CTDEP_6682,7712504,1,0,CTDEP_6682,"Same Site as 6629, which was removed as a duplicate"
Kent Falls Brook,CTDEP,CTDEP_6628,7712504,1,0,ONE,
"Kent Falls Brook, Tributary to",CTDEP,CTDEP_6647,7712504,7713572,0,ONE,Based on position on high res flowlines
Kent Falls Brook,CTDEP,CTDEP_6626,7712504,1,0,ONE,
Kent Falls Brook,CTDEP,CTDEP_6634,7712504,1,0,ONE,
"Kent Falls Brook, Tributary to",CTDEP,CTDEP_6640,7712504,1,1,ONE,
Kent Falls Brook,CTDEP,CTDEP_6632,7712504,1,0,ONE,
Kent Falls Brook,CTDEP,CTDEP_6627,7712504,1,0,ONE,
Kent Falls Brook,CTDEP,CTDEP_6631,7712504,1,0,ONE,
Kent Falls Brook,CTDEP,CTDEP_6630,7712504,1,0,ONE,
Kent Falls Brook,CTDEP,CTDEP_6633,7712504,1,0,ONE,
Macedonia Brook,CTDEP,CTDEP_5994,7712514,1,0,ONE,
Macedonia Brook,CTDEP,CTDEP_5995,7712514,1,0,ONE,
"KENT FALLS BROOK, tributary to",CTDEP,CTDEP_5712,7712520,1,0,ONE,
Kent Falls Brook,CTDEP,CTDEP_6620,7712520,1,0,ONE,
Kent Falls Brook,CTDEP,CTDEP_6623,7712520,1,0,ONE,
Kent Falls Brook,CTDEP,CTDEP_6622,7712520,1,0,ONE,
Kent Falls Brook,CTDEP,CTDEP_6624,7712520,1,0,ONE,
"Kent Falls Brook, Tributary to",CTDEP,CTDEP_6639,7712520,1,1,ONE,
Kent Falls Brook,CTDEP,CTDEP_6621,7712520,1,0,ONE,
"Jefferson Hill Brook, Tributary to",CTDEP,CTDEP_6613,7712524,7712562,0,ONE,
Jefferson Hill Brook,CTDEP,CTDEP_6605,7712524,1,0,ONE,
Jefferson Hill Brook,CTDEP,CTDEP_6606,7712524,1,0,ONE,
Jefferson Hill Brook,CTDEP,CTDEP_971,7712524,1,0,ONE,
Spruce Brook,CTDEP,CTDEP_972,7712524,7713562,0,ONE,
Jefferson Hill Brook,CTDEP,CTDEP_6607,7712524,1,0,ONE,
Cobble Brook,CTDEP,CTDEP_1445,7712532,1,0,ONE,
Naugatuck River,CTDEP,CTDEP_194,7712536,1,0,ONE,
Naugatuck River,CTDEP,CTDEP_2004,7712536,1,0,ONE,
Naugatuck River,CTDEP,CTDEP_1413,7712542,1,0,ONE,
"Jefferson Hill Brook, Tributary to",CTDEP,CTDEP_6612,7712562,1,0,ONE,
Macedonia Brook,CTDEP,CTDEP_6085,7712578,1,0,ONE,
Macedonia Brook,CTDEP,CTDEP_5996,7712578,1,0,ONE,
Macedonia Brook,CTDEP,CTDEP_1467,7712578,1,0,ONE,
Macedonia Brook,CTDEP,CTDEP_5660,7712578,1,0,ONE,
Cobble Brook,CTDEP,CTDEP_1160,7712596,1,0,ONE,
Cobble Brook,CTDEP,CTDEP_6327,7712596,1,0,ONE,
Leadmine Brook,CTDEP,CTDEP_1469,7712610,1,0,ONE,
Shepaug River,CTDEP,CTDEP_596,7712668,1,0,ONE,
Bantam River,CTDEP,CTDEP_5954,7712684,1,0,ONE,
Naugatuck River,CTDEP,CTDEP_725,7712706,1,0,ONE,
EAST ASPETUCK RIVER,CTDEP,CTDEP_5179,7712728,1,0,ONE,
Shepaug River,CTDEP,CTDEP_6024,7712744,1,0,ONE,
Shepaug River,CTDEP,CTDEP_2474,7712792,7712744,0,ONE,
Bee Brook,CTDEP,CTDEP_1455,7712792,7712746,0,ONE,
WOMENSHENUCK BROOK,CTDEP,CTDEP_5768,7712802,1,0,ONE,Bull Mountain Brook (NHDplus)
HOUSATONIC RIVER,CTDEP,CTDEP_1838,7712804,1,0,ONE,
Naugatuck River,CTDEP,CTDEP_197,7712834,1,0,ONE,
Weekepeemee River,CTDEP,CTDEP_919,7712862,1,0,ONE,
Kirby Brook,CTDEP,CTDEP_1038,7712908,1,0,ONE,
Steele Brook,CTDEP,CTDEP_6030,7712934,1,0,ONE,
Steele Brook,CTDEP,CTDEP_697,7712934,1,0,ONE,
Naromiyocknowhusunkatankshunk Brook (FKA Morrisey),CTDEP,CTDEP_6005,7712970,1,0,ONE,
"Naromiyocknowhusunkatankshunk Brook, tributary to",CTDEP,CTDEP_5716,7712970,1,1,ONE,
Naromiyocknowhusunkatankshunk Brook (FKA Morrisey),CTDEP,CTDEP_6004,7712970,1,0,ONE,
Steele Brook,CTDEP,CTDEP_330,7712980,1,0,ONE,
Shepaug River,CTDEP,CTDEP_6023,7712984,1,0,ONE,
Nonewaug River,CTDEP,CTDEP_2676,7713048,1,0,ONE,catchment likely has a couple of extra inflows
East Aspetuck River,CTDEP,CTDEP_6224,7713050,1,0,ONE,
Bullymuck Brook,CTDEP,CTDEP_6225,7713076,1,0,ONE,
Steele Brook,CTDEP,CTDEP_331,7713086,1,0,ONE,
Tollgate Brook,CTDEP,CTDEP_6043,7713116,1,0,ONE,
Weekepeemee River,CTDEP,CTDEP_1468,7713138,1,0,ONE,
Mad River,CTDEP,CTDEP_159,7713190,1,0,ONE,
Naugatuck River,CTDEP,CTDEP_204,7713226,1,0,ONE,
Jacks Brook,CTDEP,CTDEP_6226,7713234,1,0,ONE,
Pomperaug River,CTDEP,CTDEP_922,7713260,1,0,ONE,
Shepaug River,CTDEP,CTDEP_6228,7713286,1,0,ONE,
Naugatuck River,CTDEP,CTDEP_205,7713302,1,0,ONE,
Fulling Mill Brook,CTDEP,CTDEP_682,7713308,7722644,0,ONE,
Naugatuck River,CTDEP,CTDEP_208,7713308,1,0,ONE,
Reed Brook,CTDEP,CTDEP_6329,7713484,1,1,ONE,
Hall Meadow Brook,CTDEP,CTDEP_2311,7713488,1,0,ONE,
East Branch Naugatuck River,CTDEP,CTDEP_54,7713532,1,0,ONE,
East Branch Naugatuck River,CTDEP,CTDEP_50,7713532,1,0,ONE,
East Branch Naugatuck River,CTDEP,CTDEP_51,7713532,1,0,ONE,
EAST BRANCH NAUGATUCK RIVER,CTDEP,CTDEP_5183,7713532,1,0,ONE,
West Branch Naugatuck River,CTDEP,CTDEP_1812,7713534,1,0,ONE,
Naugatuck River,CTDEP,CTDEP_216,7713544,1,0,ONE,
Jefferson Hill Brook,CTDEP,CTDEP_6602,7713560,1,0,ONE,
Jefferson Hill Brook,CTDEP,CTDEP_6592,7713560,1,0,ONE,
Jefferson Hill Brook,CTDEP,CTDEP_6593,7713560,1,0,ONE,
Jefferson Hill Brook,CTDEP,CTDEP_6597,7713560,1,0,ONE,
Jefferson Hill Brook,CTDEP,CTDEP_6594,7713560,1,0,ONE,
Jefferson Hill Brook,CTDEP,CTDEP_6604,7713560,1,0,ONE,
Jefferson Hill Brook,CTDEP,CTDEP_6601,7713560,1,0,ONE,
Jefferson Hill Brook,CTDEP,CTDEP_6603,7713560,1,0,ONE,
"Jefferson Hill Brook, Tributary to",CTDEP,CTDEP_6609,7713560,1,0,ONE,
"Jefferson Hill Brook, Tributary to",CTDEP,CTDEP_6610,7713560,1,0,ONE,
Jefferson Hill Brook,CTDEP,CTDEP_6598,7713560,1,0,ONE,
Jefferson Hill Brook,CTDEP,CTDEP_6595,7713560,1,0,ONE,
Jefferson Hill Brook,CTDEP,CTDEP_6600,7713560,1,0,ONE,
"Jefferson Hill Brook, Tributary to",CTDEP,CTDEP_6608,7713560,1,0,ONE,
Jefferson Hill Brook,CTDEP,CTDEP_6599,7713560,1,0,ONE,
Jefferson Hill Brook,CTDEP,CTDEP_6590,7713560,1,0,ONE,
Jefferson Hill Brook,CTDEP,CTDEP_6591,7713560,1,0,ONE,
Jefferson Hill Brook,CTDEP,CTDEP_6596,7713560,1,0,ONE,
"Jefferson Hill Brook, Tributary to",CTDEP,CTDEP_6611,7713560,1,0,ONE,
Spruce Brook,CTDEP,CTDEP_6670,7713562,1,0,ONE,
Spruce Brook,CTDEP,CTDEP_6673,7713562,1,0,ONE,
Spruce Brook,CTDEP,CTDEP_6655,7713562,1,0,ONE,
Spruce Brook,CTDEP,CTDEP_6661,7713562,1,0,ONE,
Spruce Brook,CTDEP,CTDEP_6676,7713562,1,0,ONE,
Spruce Brook,CTDEP,CTDEP_6651,7713562,1,0,ONE,
Spruce Brook,CTDEP,CTDEP_6652,7713562,1,0,ONE,
Spruce Brook,CTDEP,CTDEP_6669,7713562,1,0,ONE,
Spruce Brook,CTDEP,CTDEP_6658,7713562,1,0,ONE,
Spruce Brook,CTDEP,CTDEP_6648,7713562,1,0,ONE,
Spruce Brook,CTDEP,CTDEP_6672,7713562,1,0,ONE,
Spruce Brook,CTDEP,CTDEP_6677,7713562,1,0,ONE,
Spruce Brook,CTDEP,CTDEP_6663,7713562,1,0,ONE,
Spruce Brook,CTDEP,CTDEP_6654,7713562,1,0,ONE,
Spruce Brook,CTDEP,CTDEP_6675,7713562,1,0,ONE,
Spruce Brook,CTDEP,CTDEP_6674,7713562,1,0,ONE,
Spruce Brook,CTDEP,CTDEP_6660,7713562,1,0,ONE,
Spruce Brook,CTDEP,CTDEP_6668,7713562,1,0,ONE,
Spruce Brook,CTDEP,CTDEP_6657,7713562,1,0,ONE,
Spruce Brook,CTDEP,CTDEP_6664,7713562,1,0,ONE,
SPRUCE BROOK,CTDEP,CTDEP_5625,7713562,1,0,ONE,
Spruce Brook,CTDEP,CTDEP_6649,7713562,1,0,ONE,
Spruce Brook,CTDEP,CTDEP_6650,7713562,1,0,ONE,
Spruce Brook,CTDEP,CTDEP_6662,7713562,1,0,ONE,
Spruce Brook,CTDEP,CTDEP_6666,7713562,1,0,ONE,
Spruce Brook,CTDEP,CTDEP_6659,7713562,1,0,ONE,
Spruce Brook,CTDEP,CTDEP_6671,7713562,1,0,ONE,
Spruce Brook,CTDEP,CTDEP_6665,7713562,1,0,ONE,
Spruce Brook,CTDEP,CTDEP_6656,7713562,1,0,ONE,
Spruce Brook,CTDEP,CTDEP_6653,7713562,1,0,ONE,
Spruce Brook,CTDEP,CTDEP_6667,7713562,1,0,ONE,
"Spruce Brook, Tributary to",CTDEP,CTDEP_6681,7713562,1,0,ONE,
Naugatuck River,CTDEP,CTDEP_2005,7713564,1,0,ONE,
East Branch Shepaug River,CTDEP,CTDEP_5972,7713566,1,0,ONE,
Spruce Brook,CTDEP,CTDEP_944,7713568,1,0,ONE,
Spruce Brook,CTDEP,CTDEP_6679,7713568,1,0,ONE,
Spruce Brook,CTDEP,CTDEP_6678,7713568,1,0,ONE,
"Kent Falls Brook, Tributary to",CTDEP,CTDEP_6644,7713572,1,0,ONE,
"Kent Falls Brook, Tributary to",CTDEP,CTDEP_6646,7713572,1,0,ONE,
"Kent Falls Brook, Tributary to",CTDEP,CTDEP_6645,7713572,1,0,ONE,
"Kent Falls Brook, Tributary to",CTDEP,CTDEP_6643,7713572,1,0,ONE,
"Kent Falls Brook, Tributary to",CTDEP,CTDEP_6642,7713572,1,0,ONE,
"Kent Falls Brook, Tributary to",CTDEP,CTDEP_6641,7713572,1,0,ONE,
Macedonia Brook,CTDEP,CTDEP_5669,7713578,1,0,ONE,
BOG HOLLOW BROOK,CTDEP,CTDEP_5083,7713594,1,0,ONE,
Naugatuck River,CTDEP,CTDEP_6008,7713630,1,0,ONE,
Shepaug River,CTDEP,CTDEP_6071,7713634,1,0,ONE,
Shepaug River,CTDEP,CTDEP_6025,7713634,1,0,ONE,
Housatonic River,CTDEP,CTDEP_5988,7713682,1,0,ONE,
Ten Mile River,CTDEP,CTDEP_346,7713688,1,0,ONE,
HOUSATONIC RIVER- G. EDDY,CTDEP,CTDEP_5317,7713698,1,0,ONE,
Wimisink Brook,CTDEP,CTDEP_6056,7713714,1,0,ONE,
Naugatuck River,CTDEP,CTDEP_591,7713716,1,0,ONE,
Naugatuck River,CTDEP,CTDEP_191,7713716,1,0,ONE,
Naromiyocknowhusunkatankshunk Brook (FKA Morrisey),CTDEP,CTDEP_2735,7713728,1,0,ONE,
Hancock Brook,CTDEP,CTDEP_98,7713734,1,0,ONE,
Saw Mill Brook,CTDEP,CTDEP_6020,7713736,1,0,ONE,
Shepaug River,CTDEP,CTDEP_325,7713746,1,0,ONE,
SHEPAUG RIVER,CTDEP,CTDEP_5599,7713746,1,0,ONE,
Naugatuck River,CTDEP,CTDEP_588,7714044,1,0,ONE,
Hop Brook,CTDEP,CTDEP_123,7716486,1,0,ONE,
Long Meadow Pond Brook,CTDEP,CTDEP_1139,7716526,1,0,ONE,
Ball Pond Brook,CTDEP,CTDEP_5952,7716676,1,0,ONE,
Ball Pond Brook,CTDEP,CTDEP_5953,7716690,1,0,ONE,
Pond Brook,CTDEP,CTDEP_1523,7716702,1,0,ONE,
Pond Brook,CTDEP,CTDEP_2766,7716826,1,0,ONE,
Pond Brook,CTDEP,CTDEP_6328,7716864,1,0,ONE,
Still River,CTDEP,CTDEP_333,7716876,1,0,ONE,
Hemp Swamp Brook,CTDEP,CTDEP_102,7716882,1,0,ONE,
Pootatuck River,CTDEP,CTDEP_2761,7716912,1,0,ONE,
Pootatuck River,CTDEP,CTDEP_2278,7716956,1,0,ONE,
Deep Brook,CTDEP,CTDEP_47,7716980,7717082,0,ONE,
Little River,CTDEP,CTDEP_5991,7716994,1,0,ONE,
Country Club Brook,CTDEP,CTDEP_2764,7717046,1,0,ONE,
Little River,CTDEP,CTDEP_155,7717052,1,0,ONE,
Pootatuck River,CTDEP,CTDEP_2279,7717056,1,0,ONE,
Pootatuck River,CTDEP,CTDEP_281,7717056,1,0,ONE,
Deep Brook,CTDEP,CTDEP_1709,7717082,1,0,ONE,
"Deep Brook, queen street wasserman storm drain",CTDEP,CTDEP_5618,7717082,1,0,CTDEP_5618,Same as 1993
Deep Brook,CTDEP,CTDEP_44,7717082,1,0,ONE,
Deep Brook,CTDEP,CTDEP_2472,7717082,1,0,ONE,
Deep Brook,CTDEP,CTDEP_1993,7717082,1,0,CTDEP_5618,Same as 5618
"Deep Brook, tributary to",CTDEP,CTDEP_1791,7717082,1,0,ONE,
Deep Brook,CTDEP,CTDEP_43,7717082,1,0,ONE,
Country Club Brook,CTDEP,CTDEP_2765,7717116,1,0,ONE,
Deep Brook,CTDEP,CTDEP_2280,7717122,1,0,ONE,
Deep Brook,CTDEP,CTDEP_2767,7717122,1,0,ONE,
Deep Brook,CTDEP,CTDEP_2473,7717128,1,0,ONE,
Deep Brook,CTDEP,CTDEP_1994,7717128,1,0,ONE,
Still River,CTDEP,CTDEP_1611,7717170,1,0,ONE,
Bladdens River,CTDEP,CTDEP_1354,7717174,1,0,ONE,
Halfway River,CTDEP,CTDEP_2267,7717246,1,0,ONE,
Means Brook,CTDEP,CTDEP_1811,7717644,1,0,ONE,
Beacon Hill Brook,CTDEP,CTDEP_4,7717914,1,0,ONE,
Beacon Hill Brook,CTDEP,CTDEP_518,7717914,1,0,ONE,
Halfway River,CTDEP,CTDEP_2763,7717964,1,0,ONE,
Farmill River,CTDEP,CTDEP_70,7717982,1,0,ONE,
Naugatuck River,CTDEP,CTDEP_212,7718060,1,0,ONE,
Naugatuck River,CTDEP,CTDEP_192,7718060,1,0,ONE,
Housatonic River,CTDEP,CTDEP_5987,7718152,1,0,ONE,
Housatonic River,CTDEP,CTDEP_5986,7718288,1,0,ONE,
Little River,CTDEP,CTDEP_5989,7718368,1,0,ONE,Housatonic River (NHD plus)
Long Meadow Pond Brook,CTDEP,CTDEP_689,7718696,1,0,ONE,
Ridgefield Brook,CTDEP,CTDEP_237,7731593,1,0,ONE,
Saugatuck River,CTDEP,CTDEP_319,7731665,1,0,ONE,
Little River,CTDEP,CTDEP_2346,7731693,1,0,ONE,
Little River,CTDEP,CTDEP_5990,7731693,1,0,ONE,
Norwalk River,CTDEP,CTDEP_430,7731801,1,0,ONE,
Norwalk River,CTDEP,CTDEP_235,7731801,1,0,ONE,
Norwalk River,CTDEP,CTDEP_1207,7731811,1,0,ONE,
Aspetuck River,CTDEP,CTDEP_2481,7731815,1,0,ONE,
Aspetuck River,CTDEP,CTDEP_2480,7731815,1,0,ONE,
Pequonock River,CTDEP,CTDEP_2344,7731829,1,0,ONE,
Mill River,CTDEP,CTDEP_905,7731863,1,0,ONE,
Pequonnock River,CTDEP,CTDEP_269,7731909,1,0,ONE,
Cricker Brook,CTDEP,CTDEP_1810,7732103,1,0,ONE,
Norwalk River,CTDEP,CTDEP_445,7732111,1,0,ONE,
Norwalk River,CTDEP,CTDEP_753,7732111,1,0,ONE,
Comstock Brook,CTDEP,CTDEP_31,7732123,1,0,ONE,
Saugatuck River,CTDEP,CTDEP_318,7732131,1,0,ONE,
Saugatuck River,CTDEP,CTDEP_1294,7732159,1,0,ONE,
Norwalk River,CTDEP,CTDEP_245,7732201,1,0,ONE,
Aspetuck River,CTDEP,CTDEP_1,7732261,1,0,ONE,
Saugatuck River,CTDEP,CTDEP_1293,7732263,1,0,ONE,
West Branch Saugatuck River,CTDEP,CTDEP_1288,7732281,1,0,ONE,
Saugatuck River,CTDEP,CTDEP_320,7732315,1,0,ONE,
Mill River,CTDEP,CTDEP_1809,7732485,1,0,ONE,Coastal
Norwalk River,CTDEP,CTDEP_236,7732571,1,0,ONE,
Five Mile River,CTDEP,CTDEP_77,7732593,1,0,ONE,
Noroton River,CTDEP,CTDEP_233,7732927,1,0,ONE,
Mianus River,CTDEP,CTDEP_168,7732941,1,0,ONE,
Norwalk River,CTDEP,CTDEP_431,7733227,1,0,ONE,
Norwalk River,CTDEP,CTDEP_241,7733227,1,0,ONE,
Mill River,CTDEP,CTDEP_1729,7733255,1,0,ONE,
Canoe Brook,CTDEP,CTDEP_904,7733255,7733247,0,ONE,
Mill River,CTDEP,CTDEP_6002,7733255,1,0,ONE,
Aspetuck River,CTDEP,CTDEP_1304,7733259,1,0,ONE,
Sasco Brook,CTDEP,CTDEP_554,7733309,1,0,ONE,Coastal
Sasco Brook,CTDEP,CTDEP_1281,7733309,1,0,ONE,Coastal
Saugatuck River,CTDEP,CTDEP_2688,7733787,1,0,ONE,
Latimer Brook,CTDEP,CTDEP_2636,166171720,1,0,ONE,
CONNECTICUT RIVER,CTDEP,CTDEP_1910,166174667,1,0,ONE,
Connecticut River,CTDEP,CTDEP_1471,166174669,166174668,0,ONE,
Quinnipiac River,CTDEP,CTDEP_288,166182049,1,0,ONE,
Blackberry River,CTDEP,CTDEP_5960,166182165,1,0,ONE,
BLACKBERRY RIVER,CTDEP,CTDEP_5074,166182166,1,0,ONE,
Blackberry River,CTDEP,CTDEP_710,166182166,1,0,ONE,
